airflow-worker-0.airflow-worker.app.svc.cluster.local
 INFO - ::group::Log message source details
*** No logs found on s3 for ti=<TaskInstance: optimizer-with-filter.optimizer fc28d789-44a4-4d75-b326-3ea7fc0bbeb0 [success]>
*** Found logs served from host http://airflow-worker-0.airflow-worker.app.svc.cluster.local:8793/log/dag_id=optimizer-with-filter/run_id=fc28d789-44a4-4d75-b326-3ea7fc0bbeb0/task_id=optimizer/attempt=1.log
 INFO - ::endgroup::
[2025-09-15T10:19:47.808+0000] {local_task_job_runner.py:123} INFO - ::group::Pre task execution logs
[2025-09-15T10:19:47.860+0000] {taskinstance.py:2614} INFO - Dependencies all met for dep_context=non-requeueable deps ti=<TaskInstance: optimizer-with-filter.optimizer fc28d789-44a4-4d75-b326-3ea7fc0bbeb0 [queued]>
[2025-09-15T10:19:47.884+0000] {taskinstance.py:2614} INFO - Dependencies all met for dep_context=requeueable deps ti=<TaskInstance: optimizer-with-filter.optimizer fc28d789-44a4-4d75-b326-3ea7fc0bbeb0 [queued]>
[2025-09-15T10:19:47.885+0000] {taskinstance.py:2867} INFO - Starting attempt 1 of 1
[2025-09-15T10:19:47.901+0000] {taskinstance.py:2890} INFO - Executing <Task(PythonVirtualenvOperator): optimizer> on 2025-09-15 10:09:41.373345+00:00
[2025-09-15T10:19:47.909+0000] {standard_task_runner.py:72} INFO - Started process 304197 to run task
[2025-09-15T10:19:47.915+0000] {standard_task_runner.py:104} INFO - Running: ['airflow', 'tasks', 'run', 'optimizer-with-filter', 'optimizer', 'fc28d789-44a4-4d75-b326-3ea7fc0bbeb0', '--job-id', '6640', '--raw', '--subdir', 'DAGS_FOLDER/optimizer_with_filter_demo_only.py', '--cfg-path', '/tmp/tmp79igbvrj']
[2025-09-15T10:19:47.916+0000] {standard_task_runner.py:105} INFO - Job 6640: Subtask optimizer
[2025-09-15T10:19:48.056+0000] {task_command.py:467} INFO - Running <TaskInstance: optimizer-with-filter.optimizer fc28d789-44a4-4d75-b326-3ea7fc0bbeb0 [running]> on host airflow-worker-0.airflow-worker.app.svc.cluster.local
[2025-09-15T10:19:48.836+0000] {taskinstance.py:3134} INFO - Exporting env vars: AIRFLOW_CTX_DAG_OWNER='airflow' AIRFLOW_CTX_DAG_ID='optimizer-with-filter' AIRFLOW_CTX_TASK_ID='optimizer' AIRFLOW_CTX_EXECUTION_DATE='2025-09-15T10:09:41.373345+00:00' AIRFLOW_CTX_TRY_NUMBER='1' AIRFLOW_CTX_DAG_RUN_ID='fc28d789-44a4-4d75-b326-3ea7fc0bbeb0'
[2025-09-15T10:19:48.840+0000] {taskinstance.py:732} INFO - ::endgroup::
[2025-09-15T10:19:48.843+0000] {baseoperator.py:423} WARNING - PythonVirtualenvOperator.execute cannot be called outside TaskInstance!
[2025-09-15T10:19:48.845+0000] {process_utils.py:186} INFO - Executing cmd: /home/airflow/.local/bin/python -m virtualenv /tmp/venvar3r5flu --python=python3.10
[2025-09-15T10:19:48.847+0000] {process_utils.py:190} INFO - Output:
[2025-09-15T10:19:50.399+0000] {process_utils.py:194} INFO - created virtual environment CPython3.10.16.final.0-64 in 429ms
[2025-09-15T10:19:50.399+0000] {process_utils.py:194} INFO -   creator CPython3Posix(dest=/tmp/venvar3r5flu, clear=False, no_vcs_ignore=False, global=False)
[2025-09-15T10:19:50.400+0000] {process_utils.py:194} INFO -   seeder FromAppData(download=False, pip=bundle, setuptools=bundle, wheel=bundle, via=copy, app_data_dir=/home/airflow/.local/share/virtualenv)
[2025-09-15T10:19:50.400+0000] {process_utils.py:194} INFO -     added seed packages: pip==25.2, setuptools==80.9.0, wheel==0.45.1
[2025-09-15T10:19:50.400+0000] {process_utils.py:194} INFO -   activators BashActivator,CShellActivator,FishActivator,NushellActivator,PowerShellActivator,PythonActivator
[2025-09-15T10:19:50.497+0000] {process_utils.py:186} INFO - Executing cmd: /tmp/venvar3r5flu/bin/pip install -r /tmp/venvar3r5flu/requirements.txt
[2025-09-15T10:19:50.499+0000] {process_utils.py:190} INFO - Output:
[2025-09-15T10:19:52.409+0000] {process_utils.py:194} INFO - Collecting absl-py>=2.0.0 (from -r /tmp/venvar3r5flu/requirements.txt (line 1))
[2025-09-15T10:19:52.412+0000] {process_utils.py:194} INFO -   Using cached absl_py-2.3.1-py3-none-any.whl.metadata (3.3 kB)
[2025-09-15T10:19:52.548+0000] {process_utils.py:194} INFO - Collecting adjustText~=1.2.0 (from -r /tmp/venvar3r5flu/requirements.txt (line 2))
[2025-09-15T10:19:52.551+0000] {process_utils.py:194} INFO -   Using cached adjustText-1.2.0-py3-none-any.whl.metadata (3.0 kB)
[2025-09-15T10:19:52.604+0000] {process_utils.py:194} INFO - Collecting aenum>=3.1 (from -r /tmp/venvar3r5flu/requirements.txt (line 3))
[2025-09-15T10:19:52.607+0000] {process_utils.py:194} INFO -   Using cached aenum-3.1.16-py3-none-any.whl.metadata (3.8 kB)
[2025-09-15T10:19:53.081+0000] {process_utils.py:194} INFO - Collecting boto3>=1.34 (from -r /tmp/venvar3r5flu/requirements.txt (line 4))
[2025-09-15T10:19:53.083+0000] {process_utils.py:194} INFO -   Using cached boto3-1.40.30-py3-none-any.whl.metadata (6.7 kB)
[2025-09-15T10:19:53.582+0000] {process_utils.py:194} INFO - Collecting botocore>=1.34.85 (from -r /tmp/venvar3r5flu/requirements.txt (line 5))
[2025-09-15T10:19:53.585+0000] {process_utils.py:194} INFO -   Using cached botocore-1.40.30-py3-none-any.whl.metadata (5.7 kB)
[2025-09-15T10:19:53.626+0000] {process_utils.py:194} INFO - Collecting Deprecated>=1.2.14 (from -r /tmp/venvar3r5flu/requirements.txt (line 6))
[2025-09-15T10:19:53.629+0000] {process_utils.py:194} INFO -   Using cached Deprecated-1.2.18-py2.py3-none-any.whl.metadata (5.7 kB)
[2025-09-15T10:19:53.670+0000] {process_utils.py:194} INFO - Collecting dill<0.5.0,>=0.3 (from -r /tmp/venvar3r5flu/requirements.txt (line 7))
[2025-09-15T10:19:53.673+0000] {process_utils.py:194} INFO -   Using cached dill-0.4.0-py3-none-any.whl.metadata (10 kB)
[2025-09-15T10:19:53.709+0000] {process_utils.py:194} INFO - Collecting et-xmlfile==1.1.0 (from -r /tmp/venvar3r5flu/requirements.txt (line 8))
[2025-09-15T10:19:53.711+0000] {process_utils.py:194} INFO -   Using cached et_xmlfile-1.1.0-py3-none-any.whl.metadata (1.8 kB)
[2025-09-15T10:19:53.925+0000] {process_utils.py:194} INFO - Collecting matplotlib~=3.9.1 (from -r /tmp/venvar3r5flu/requirements.txt (line 9))
[2025-09-15T10:19:53.928+0000] {process_utils.py:194} INFO -   Using cached matplotlib-3.9.4-cp310-cp310-manylinux_2_17_x86_64.manylinux2014_x86_64.whl.metadata (11 kB)
[2025-09-15T10:19:54.072+0000] {process_utils.py:194} INFO - Collecting msgpack>=1.1 (from -r /tmp/venvar3r5flu/requirements.txt (line 10))
[2025-09-15T10:19:54.074+0000] {process_utils.py:194} INFO -   Using cached msgpack-1.1.1-cp310-cp310-manylinux_2_17_x86_64.manylinux2014_x86_64.whl.metadata (8.4 kB)
[2025-09-15T10:19:54.122+0000] {process_utils.py:194} INFO - Collecting networkx>=3.1 (from -r /tmp/venvar3r5flu/requirements.txt (line 11))
[2025-09-15T10:19:54.124+0000] {process_utils.py:194} INFO -   Using cached networkx-3.4.2-py3-none-any.whl.metadata (6.3 kB)
[2025-09-15T10:19:54.393+0000] {process_utils.py:194} INFO - Collecting numpy<2.0,>=1.26.0 (from -r /tmp/venvar3r5flu/requirements.txt (line 12))
[2025-09-15T10:19:54.396+0000] {process_utils.py:194} INFO -   Using cached numpy-1.26.4-cp310-cp310-manylinux_2_17_x86_64.manylinux2014_x86_64.whl.metadata (61 kB)
[2025-09-15T10:19:54.547+0000] {process_utils.py:194} INFO - Collecting ortools==9.10.4067 (from -r /tmp/venvar3r5flu/requirements.txt (line 13))
[2025-09-15T10:19:54.550+0000] {process_utils.py:194} INFO -   Using cached ortools-9.10.4067-cp310-cp310-manylinux_2_17_x86_64.manylinux2014_x86_64.whl.metadata (2.9 kB)
[2025-09-15T10:19:54.721+0000] {process_utils.py:194} INFO - Collecting pandas<3.0,>=2.2.0 (from -r /tmp/venvar3r5flu/requirements.txt (line 14))
[2025-09-15T10:19:54.724+0000] {process_utils.py:194} INFO -   Using cached pandas-2.3.2-cp310-cp310-manylinux_2_17_x86_64.manylinux2014_x86_64.whl.metadata (91 kB)
[2025-09-15T10:19:55.066+0000] {process_utils.py:194} INFO - Collecting protobuf>=5.26.1 (from -r /tmp/venvar3r5flu/requirements.txt (line 15))
[2025-09-15T10:19:55.068+0000] {process_utils.py:194} INFO -   Using cached protobuf-6.32.1-cp39-abi3-manylinux2014_x86_64.whl.metadata (593 bytes)
[2025-09-15T10:19:55.167+0000] {process_utils.py:194} INFO - Collecting psycopg2-binary<3.0,>=2.9.5 (from -r /tmp/venvar3r5flu/requirements.txt (line 16))
[2025-09-15T10:19:55.169+0000] {process_utils.py:194} INFO -   Using cached psycopg2_binary-2.9.10-cp310-cp310-manylinux_2_17_x86_64.manylinux2014_x86_64.whl.metadata (4.9 kB)
[2025-09-15T10:19:55.207+0000] {process_utils.py:194} INFO - Collecting python-dateutil>=2.8.2 (from -r /tmp/venvar3r5flu/requirements.txt (line 17))
[2025-09-15T10:19:55.209+0000] {process_utils.py:194} INFO -   Using cached python_dateutil-2.9.0.post0-py2.py3-none-any.whl.metadata (8.4 kB)
[2025-09-15T10:19:55.250+0000] {process_utils.py:194} INFO - Collecting python-dotenv>=0.21.1 (from -r /tmp/venvar3r5flu/requirements.txt (line 18))
[2025-09-15T10:19:55.253+0000] {process_utils.py:194} INFO -   Using cached python_dotenv-1.1.1-py3-none-any.whl.metadata (24 kB)
[2025-09-15T10:19:55.328+0000] {process_utils.py:194} INFO - Collecting PyYAML<7.0,>=5.5.1 (from -r /tmp/venvar3r5flu/requirements.txt (line 19))
[2025-09-15T10:19:55.331+0000] {process_utils.py:194} INFO -   Using cached PyYAML-6.0.2-cp310-cp310-manylinux_2_17_x86_64.manylinux2014_x86_64.whl.metadata (2.1 kB)
[2025-09-15T10:19:55.390+0000] {process_utils.py:194} INFO - Collecting redis>=5.0 (from -r /tmp/venvar3r5flu/requirements.txt (line 20))
[2025-09-15T10:19:55.393+0000] {process_utils.py:194} INFO -   Using cached redis-6.4.0-py3-none-any.whl.metadata (10 kB)
[2025-09-15T10:19:55.437+0000] {process_utils.py:194} INFO - Collecting typing-extensions>=4.12 (from -r /tmp/venvar3r5flu/requirements.txt (line 21))
[2025-09-15T10:19:55.440+0000] {process_utils.py:194} INFO -   Using cached typing_extensions-4.15.0-py3-none-any.whl.metadata (3.3 kB)
[2025-09-15T10:19:55.492+0000] {process_utils.py:194} INFO - Collecting immutabledict>=3.0.0 (from ortools==9.10.4067->-r /tmp/venvar3r5flu/requirements.txt (line 13))
[2025-09-15T10:19:55.495+0000] {process_utils.py:194} INFO -   Using cached immutabledict-4.2.1-py3-none-any.whl.metadata (3.5 kB)
[2025-09-15T10:19:55.678+0000] {process_utils.py:194} INFO - Collecting scipy (from adjustText~=1.2.0->-r /tmp/venvar3r5flu/requirements.txt (line 2))
[2025-09-15T10:19:55.680+0000] {process_utils.py:194} INFO -   Using cached scipy-1.15.3-cp310-cp310-manylinux_2_17_x86_64.manylinux2014_x86_64.whl.metadata (61 kB)
[2025-09-15T10:19:55.886+0000] {process_utils.py:194} INFO - Collecting contourpy>=1.0.1 (from matplotlib~=3.9.1->-r /tmp/venvar3r5flu/requirements.txt (line 9))
[2025-09-15T10:19:55.889+0000] {process_utils.py:194} INFO -   Using cached contourpy-1.3.2-cp310-cp310-manylinux_2_17_x86_64.manylinux2014_x86_64.whl.metadata (5.5 kB)
[2025-09-15T10:19:55.926+0000] {process_utils.py:194} INFO - Collecting cycler>=0.10 (from matplotlib~=3.9.1->-r /tmp/venvar3r5flu/requirements.txt (line 9))
[2025-09-15T10:19:55.928+0000] {process_utils.py:194} INFO -   Using cached cycler-0.12.1-py3-none-any.whl.metadata (3.8 kB)
[2025-09-15T10:19:56.145+0000] {process_utils.py:194} INFO - Collecting fonttools>=4.22.0 (from matplotlib~=3.9.1->-r /tmp/venvar3r5flu/requirements.txt (line 9))
[2025-09-15T10:19:56.148+0000] {process_utils.py:194} INFO -   Using cached fonttools-4.59.2-cp310-cp310-manylinux2014_x86_64.manylinux_2_17_x86_64.whl.metadata (109 kB)
[2025-09-15T10:19:56.267+0000] {process_utils.py:194} INFO - Collecting kiwisolver>=1.3.1 (from matplotlib~=3.9.1->-r /tmp/venvar3r5flu/requirements.txt (line 9))
[2025-09-15T10:19:56.269+0000] {process_utils.py:194} INFO -   Using cached kiwisolver-1.4.9-cp310-cp310-manylinux_2_12_x86_64.manylinux2010_x86_64.whl.metadata (6.3 kB)
[2025-09-15T10:19:56.329+0000] {process_utils.py:194} INFO - Collecting packaging>=20.0 (from matplotlib~=3.9.1->-r /tmp/venvar3r5flu/requirements.txt (line 9))
[2025-09-15T10:19:56.332+0000] {process_utils.py:194} INFO -   Using cached packaging-25.0-py3-none-any.whl.metadata (3.3 kB)
[2025-09-15T10:19:56.574+0000] {process_utils.py:194} INFO - Collecting pillow>=8 (from matplotlib~=3.9.1->-r /tmp/venvar3r5flu/requirements.txt (line 9))
[2025-09-15T10:19:56.577+0000] {process_utils.py:194} INFO -   Using cached pillow-11.3.0-cp310-cp310-manylinux_2_27_x86_64.manylinux_2_28_x86_64.whl.metadata (9.0 kB)
[2025-09-15T10:19:56.635+0000] {process_utils.py:194} INFO - Collecting pyparsing>=2.3.1 (from matplotlib~=3.9.1->-r /tmp/venvar3r5flu/requirements.txt (line 9))
[2025-09-15T10:19:56.638+0000] {process_utils.py:194} INFO -   Using cached pyparsing-3.2.4-py3-none-any.whl.metadata (5.0 kB)
[2025-09-15T10:19:56.812+0000] {process_utils.py:194} INFO - Collecting pytz>=2020.1 (from pandas<3.0,>=2.2.0->-r /tmp/venvar3r5flu/requirements.txt (line 14))
[2025-09-15T10:19:56.815+0000] {process_utils.py:194} INFO -   Using cached pytz-2025.2-py2.py3-none-any.whl.metadata (22 kB)
[2025-09-15T10:19:56.853+0000] {process_utils.py:194} INFO - Collecting tzdata>=2022.7 (from pandas<3.0,>=2.2.0->-r /tmp/venvar3r5flu/requirements.txt (line 14))
[2025-09-15T10:19:56.855+0000] {process_utils.py:194} INFO -   Using cached tzdata-2025.2-py2.py3-none-any.whl.metadata (1.4 kB)
[2025-09-15T10:19:57.109+0000] {process_utils.py:194} INFO - Collecting jmespath<2.0.0,>=0.7.1 (from boto3>=1.34->-r /tmp/venvar3r5flu/requirements.txt (line 4))
[2025-09-15T10:19:57.112+0000] {process_utils.py:194} INFO -   Using cached jmespath-1.0.1-py3-none-any.whl.metadata (7.6 kB)
[2025-09-15T10:19:57.153+0000] {process_utils.py:194} INFO - Collecting s3transfer<0.15.0,>=0.14.0 (from boto3>=1.34->-r /tmp/venvar3r5flu/requirements.txt (line 4))
[2025-09-15T10:19:57.155+0000] {process_utils.py:194} INFO -   Using cached s3transfer-0.14.0-py3-none-any.whl.metadata (1.7 kB)
[2025-09-15T10:19:57.221+0000] {process_utils.py:194} INFO - Collecting urllib3!=2.2.0,<3,>=1.25.4 (from botocore>=1.34.85->-r /tmp/venvar3r5flu/requirements.txt (line 5))
[2025-09-15T10:19:57.224+0000] {process_utils.py:194} INFO -   Using cached urllib3-2.5.0-py3-none-any.whl.metadata (6.5 kB)
[2025-09-15T10:19:57.264+0000] {process_utils.py:194} INFO - Collecting six>=1.5 (from python-dateutil>=2.8.2->-r /tmp/venvar3r5flu/requirements.txt (line 17))
[2025-09-15T10:19:57.266+0000] {process_utils.py:194} INFO -   Using cached six-1.17.0-py2.py3-none-any.whl.metadata (1.7 kB)
[2025-09-15T10:19:57.671+0000] {process_utils.py:194} INFO - Collecting wrapt<2,>=1.10 (from Deprecated>=1.2.14->-r /tmp/venvar3r5flu/requirements.txt (line 6))
[2025-09-15T10:19:57.674+0000] {process_utils.py:194} INFO -   Using cached wrapt-1.17.3-cp310-cp310-manylinux1_x86_64.manylinux_2_28_x86_64.manylinux_2_5_x86_64.whl.metadata (6.4 kB)
[2025-09-15T10:19:57.730+0000] {process_utils.py:194} INFO - Collecting async-timeout>=4.0.3 (from redis>=5.0->-r /tmp/venvar3r5flu/requirements.txt (line 20))
[2025-09-15T10:19:57.734+0000] {process_utils.py:194} INFO -   Using cached async_timeout-5.0.1-py3-none-any.whl.metadata (5.1 kB)
[2025-09-15T10:19:57.791+0000] {process_utils.py:194} INFO - Using cached et_xmlfile-1.1.0-py3-none-any.whl (4.7 kB)
[2025-09-15T10:19:57.795+0000] {process_utils.py:194} INFO - Using cached ortools-9.10.4067-cp310-cp310-manylinux_2_17_x86_64.manylinux2014_x86_64.whl (26.7 MB)
[2025-09-15T10:19:57.852+0000] {process_utils.py:194} INFO - Using cached adjustText-1.2.0-py3-none-any.whl (12 kB)
[2025-09-15T10:19:57.855+0000] {process_utils.py:194} INFO - Using cached dill-0.4.0-py3-none-any.whl (119 kB)
[2025-09-15T10:19:57.857+0000] {process_utils.py:194} INFO - Using cached matplotlib-3.9.4-cp310-cp310-manylinux_2_17_x86_64.manylinux2014_x86_64.whl (8.3 MB)
[2025-09-15T10:19:57.875+0000] {process_utils.py:194} INFO - Using cached numpy-1.26.4-cp310-cp310-manylinux_2_17_x86_64.manylinux2014_x86_64.whl (18.2 MB)
[2025-09-15T10:19:57.912+0000] {process_utils.py:194} INFO - Using cached pandas-2.3.2-cp310-cp310-manylinux_2_17_x86_64.manylinux2014_x86_64.whl (12.3 MB)
[2025-09-15T10:19:57.938+0000] {process_utils.py:194} INFO - Using cached psycopg2_binary-2.9.10-cp310-cp310-manylinux_2_17_x86_64.manylinux2014_x86_64.whl (3.0 MB)
[2025-09-15T10:19:57.947+0000] {process_utils.py:194} INFO - Using cached PyYAML-6.0.2-cp310-cp310-manylinux_2_17_x86_64.manylinux2014_x86_64.whl (751 kB)
[2025-09-15T10:19:57.951+0000] {process_utils.py:194} INFO - Using cached absl_py-2.3.1-py3-none-any.whl (135 kB)
[2025-09-15T10:19:57.953+0000] {process_utils.py:194} INFO - Using cached aenum-3.1.16-py3-none-any.whl (165 kB)
[2025-09-15T10:19:57.956+0000] {process_utils.py:194} INFO - Using cached boto3-1.40.30-py3-none-any.whl (139 kB)
[2025-09-15T10:19:57.958+0000] {process_utils.py:194} INFO - Using cached botocore-1.40.30-py3-none-any.whl (14.0 MB)
[2025-09-15T10:19:57.995+0000] {process_utils.py:194} INFO - Using cached python_dateutil-2.9.0.post0-py2.py3-none-any.whl (229 kB)
[2025-09-15T10:19:57.998+0000] {process_utils.py:194} INFO - Using cached jmespath-1.0.1-py3-none-any.whl (20 kB)
[2025-09-15T10:19:58.000+0000] {process_utils.py:194} INFO - Using cached s3transfer-0.14.0-py3-none-any.whl (85 kB)
[2025-09-15T10:19:58.002+0000] {process_utils.py:194} INFO - Using cached urllib3-2.5.0-py3-none-any.whl (129 kB)
[2025-09-15T10:19:58.004+0000] {process_utils.py:194} INFO - Using cached Deprecated-1.2.18-py2.py3-none-any.whl (10.0 kB)
[2025-09-15T10:19:58.006+0000] {process_utils.py:194} INFO - Using cached wrapt-1.17.3-cp310-cp310-manylinux1_x86_64.manylinux_2_28_x86_64.manylinux_2_5_x86_64.whl (81 kB)
[2025-09-15T10:19:58.008+0000] {process_utils.py:194} INFO - Using cached msgpack-1.1.1-cp310-cp310-manylinux_2_17_x86_64.manylinux2014_x86_64.whl (408 kB)
[2025-09-15T10:19:58.011+0000] {process_utils.py:194} INFO - Using cached networkx-3.4.2-py3-none-any.whl (1.7 MB)
[2025-09-15T10:19:58.017+0000] {process_utils.py:194} INFO - Using cached protobuf-6.32.1-cp39-abi3-manylinux2014_x86_64.whl (322 kB)
[2025-09-15T10:19:58.020+0000] {process_utils.py:194} INFO - Using cached python_dotenv-1.1.1-py3-none-any.whl (20 kB)
[2025-09-15T10:19:58.022+0000] {process_utils.py:194} INFO - Using cached redis-6.4.0-py3-none-any.whl (279 kB)
[2025-09-15T10:19:58.024+0000] {process_utils.py:194} INFO - Using cached typing_extensions-4.15.0-py3-none-any.whl (44 kB)
[2025-09-15T10:19:58.026+0000] {process_utils.py:194} INFO - Using cached async_timeout-5.0.1-py3-none-any.whl (6.2 kB)
[2025-09-15T10:19:58.028+0000] {process_utils.py:194} INFO - Using cached contourpy-1.3.2-cp310-cp310-manylinux_2_17_x86_64.manylinux2014_x86_64.whl (325 kB)
[2025-09-15T10:19:58.031+0000] {process_utils.py:194} INFO - Using cached cycler-0.12.1-py3-none-any.whl (8.3 kB)
[2025-09-15T10:19:58.033+0000] {process_utils.py:194} INFO - Using cached fonttools-4.59.2-cp310-cp310-manylinux2014_x86_64.manylinux_2_17_x86_64.whl (4.8 MB)
[2025-09-15T10:19:58.046+0000] {process_utils.py:194} INFO - Using cached immutabledict-4.2.1-py3-none-any.whl (4.7 kB)
[2025-09-15T10:19:58.048+0000] {process_utils.py:194} INFO - Using cached kiwisolver-1.4.9-cp310-cp310-manylinux_2_12_x86_64.manylinux2010_x86_64.whl (1.6 MB)
[2025-09-15T10:19:58.054+0000] {process_utils.py:194} INFO - Using cached packaging-25.0-py3-none-any.whl (66 kB)
[2025-09-15T10:19:58.056+0000] {process_utils.py:194} INFO - Using cached pillow-11.3.0-cp310-cp310-manylinux_2_27_x86_64.manylinux_2_28_x86_64.whl (6.6 MB)
[2025-09-15T10:19:58.071+0000] {process_utils.py:194} INFO - Using cached pyparsing-3.2.4-py3-none-any.whl (113 kB)
[2025-09-15T10:19:58.074+0000] {process_utils.py:194} INFO - Using cached pytz-2025.2-py2.py3-none-any.whl (509 kB)
[2025-09-15T10:19:58.076+0000] {process_utils.py:194} INFO - Using cached six-1.17.0-py2.py3-none-any.whl (11 kB)
[2025-09-15T10:19:58.078+0000] {process_utils.py:194} INFO - Using cached tzdata-2025.2-py2.py3-none-any.whl (347 kB)
[2025-09-15T10:19:58.081+0000] {process_utils.py:194} INFO - Using cached scipy-1.15.3-cp310-cp310-manylinux_2_17_x86_64.manylinux2014_x86_64.whl (37.7 MB)
[2025-09-15T10:19:58.638+0000] {process_utils.py:194} INFO - Installing collected packages: pytz, aenum, wrapt, urllib3, tzdata, typing-extensions, six, PyYAML, python-dotenv, pyparsing, psycopg2-binary, protobuf, pillow, packaging, numpy, networkx, msgpack, kiwisolver, jmespath, immutabledict, fonttools, et-xmlfile, dill, cycler, async-timeout, absl-py, scipy, redis, python-dateutil, Deprecated, contourpy, pandas, matplotlib, botocore, s3transfer, ortools, adjustText, boto3
[2025-09-15T10:20:19.093+0000] {process_utils.py:194} INFO - 
[2025-09-15T10:20:19.100+0000] {process_utils.py:194} INFO - Successfully installed Deprecated-1.2.18 PyYAML-6.0.2 absl-py-2.3.1 adjustText-1.2.0 aenum-3.1.16 async-timeout-5.0.1 boto3-1.40.30 botocore-1.40.30 contourpy-1.3.2 cycler-0.12.1 dill-0.4.0 et-xmlfile-1.1.0 fonttools-4.59.2 immutabledict-4.2.1 jmespath-1.0.1 kiwisolver-1.4.9 matplotlib-3.9.4 msgpack-1.1.1 networkx-3.4.2 numpy-1.26.4 ortools-9.10.4067 packaging-25.0 pandas-2.3.2 pillow-11.3.0 protobuf-6.32.1 psycopg2-binary-2.9.10 pyparsing-3.2.4 python-dateutil-2.9.0.post0 python-dotenv-1.1.1 pytz-2025.2 redis-6.4.0 s3transfer-0.14.0 scipy-1.15.3 six-1.17.0 typing-extensions-4.15.0 tzdata-2025.2 urllib3-2.5.0 wrapt-1.17.3
[2025-09-15T10:20:19.941+0000] {warnings.py:109} WARNING - /home/airflow/.local/lib/python3.10/site-packages/airflow/operators/python.py:535: AirflowContextDeprecationWarning: Accessing 'next_ds' from the template is deprecated and will be removed in a future version. Please use '{{ data_interval_end | ds }}' instead.
  op_kwargs: dict[str, Any] = dict(self.op_kwargs)
[2025-09-15T10:20:19.941+0000] {warnings.py:109} WARNING - /home/airflow/.local/lib/python3.10/site-packages/airflow/operators/python.py:535: AirflowContextDeprecationWarning: Accessing 'next_ds_nodash' from the template is deprecated and will be removed in a future version. Please use '{{ data_interval_end | ds_nodash }}' instead.
  op_kwargs: dict[str, Any] = dict(self.op_kwargs)
[2025-09-15T10:20:19.942+0000] {warnings.py:109} WARNING - /home/airflow/.local/lib/python3.10/site-packages/airflow/operators/python.py:535: AirflowContextDeprecationWarning: Accessing 'prev_ds' from the template is deprecated and will be removed in a future version.
  op_kwargs: dict[str, Any] = dict(self.op_kwargs)
[2025-09-15T10:20:19.942+0000] {warnings.py:109} WARNING - /home/airflow/.local/lib/python3.10/site-packages/airflow/operators/python.py:535: AirflowContextDeprecationWarning: Accessing 'prev_ds_nodash' from the template is deprecated and will be removed in a future version.
  op_kwargs: dict[str, Any] = dict(self.op_kwargs)
[2025-09-15T10:20:19.942+0000] {warnings.py:109} WARNING - /home/airflow/.local/lib/python3.10/site-packages/airflow/operators/python.py:535: AirflowContextDeprecationWarning: Accessing 'tomorrow_ds' from the template is deprecated and will be removed in a future version.
  op_kwargs: dict[str, Any] = dict(self.op_kwargs)
[2025-09-15T10:20:19.942+0000] {warnings.py:109} WARNING - /home/airflow/.local/lib/python3.10/site-packages/airflow/operators/python.py:535: AirflowContextDeprecationWarning: Accessing 'tomorrow_ds_nodash' from the template is deprecated and will be removed in a future version.
  op_kwargs: dict[str, Any] = dict(self.op_kwargs)
[2025-09-15T10:20:19.942+0000] {warnings.py:109} WARNING - /home/airflow/.local/lib/python3.10/site-packages/airflow/operators/python.py:535: AirflowContextDeprecationWarning: Accessing 'yesterday_ds' from the template is deprecated and will be removed in a future version.
  op_kwargs: dict[str, Any] = dict(self.op_kwargs)
[2025-09-15T10:20:19.943+0000] {warnings.py:109} WARNING - /home/airflow/.local/lib/python3.10/site-packages/airflow/operators/python.py:535: AirflowContextDeprecationWarning: Accessing 'yesterday_ds_nodash' from the template is deprecated and will be removed in a future version.
  op_kwargs: dict[str, Any] = dict(self.op_kwargs)
[2025-09-15T10:20:19.943+0000] {python.py:513} INFO - Use 'pickle' as serializer.
[2025-09-15T10:20:19.944+0000] {warnings.py:109} WARNING - /home/airflow/.local/lib/python3.10/site-packages/airflow/utils/context.py:381: AirflowContextDeprecationWarning: Accessing 'next_ds' from the template is deprecated and will be removed in a future version. Please use '{{ data_interval_end | ds }}' instead.
  items = [(key, self[key]) for key in self._context]
[2025-09-15T10:20:19.944+0000] {warnings.py:109} WARNING - /home/airflow/.local/lib/python3.10/site-packages/airflow/utils/context.py:381: AirflowContextDeprecationWarning: Accessing 'next_ds_nodash' from the template is deprecated and will be removed in a future version. Please use '{{ data_interval_end | ds_nodash }}' instead.
  items = [(key, self[key]) for key in self._context]
[2025-09-15T10:20:19.944+0000] {warnings.py:109} WARNING - /home/airflow/.local/lib/python3.10/site-packages/airflow/utils/context.py:381: AirflowContextDeprecationWarning: Accessing 'prev_ds' from the template is deprecated and will be removed in a future version.
  items = [(key, self[key]) for key in self._context]
[2025-09-15T10:20:19.944+0000] {warnings.py:109} WARNING - /home/airflow/.local/lib/python3.10/site-packages/airflow/utils/context.py:381: AirflowContextDeprecationWarning: Accessing 'prev_ds_nodash' from the template is deprecated and will be removed in a future version.
  items = [(key, self[key]) for key in self._context]
[2025-09-15T10:20:19.945+0000] {warnings.py:109} WARNING - /home/airflow/.local/lib/python3.10/site-packages/airflow/utils/context.py:381: AirflowContextDeprecationWarning: Accessing 'tomorrow_ds' from the template is deprecated and will be removed in a future version.
  items = [(key, self[key]) for key in self._context]
[2025-09-15T10:20:19.945+0000] {warnings.py:109} WARNING - /home/airflow/.local/lib/python3.10/site-packages/airflow/utils/context.py:381: AirflowContextDeprecationWarning: Accessing 'tomorrow_ds_nodash' from the template is deprecated and will be removed in a future version.
  items = [(key, self[key]) for key in self._context]
[2025-09-15T10:20:19.945+0000] {warnings.py:109} WARNING - /home/airflow/.local/lib/python3.10/site-packages/airflow/utils/context.py:381: AirflowContextDeprecationWarning: Accessing 'yesterday_ds' from the template is deprecated and will be removed in a future version.
  items = [(key, self[key]) for key in self._context]
[2025-09-15T10:20:19.945+0000] {warnings.py:109} WARNING - /home/airflow/.local/lib/python3.10/site-packages/airflow/utils/context.py:381: AirflowContextDeprecationWarning: Accessing 'yesterday_ds_nodash' from the template is deprecated and will be removed in a future version.
  items = [(key, self[key]) for key in self._context]
[2025-09-15T10:20:19.962+0000] {process_utils.py:186} INFO - Executing cmd: /tmp/venvar3r5flu/bin/python /tmp/venv-callcjlesoy8/script.py /tmp/venv-callcjlesoy8/script.in /tmp/venv-callcjlesoy8/script.out /tmp/venv-callcjlesoy8/string_args.txt /tmp/venv-callcjlesoy8/termination.log
[2025-09-15T10:20:19.964+0000] {process_utils.py:190} INFO - Output:
[2025-09-15T10:20:21.059+0000] {process_utils.py:194} INFO - 2025-09-15 10:20:21,059 botocore.hooks [DEBUG] Changing event name from creating-client-class.iot-data to creating-client-class.iot-data-plane
[2025-09-15T10:20:21.061+0000] {process_utils.py:194} INFO - 2025-09-15 10:20:21,061 botocore.hooks [DEBUG] Changing event name from before-call.apigateway to before-call.api-gateway
[2025-09-15T10:20:21.065+0000] {process_utils.py:194} INFO - 2025-09-15 10:20:21,062 botocore.hooks [DEBUG] Changing event name from request-created.machinelearning.Predict to request-created.machine-learning.Predict
[2025-09-15T10:20:21.065+0000] {process_utils.py:194} INFO - 2025-09-15 10:20:21,063 botocore.hooks [DEBUG] Changing event name from before-parameter-build.autoscaling.CreateLaunchConfiguration to before-parameter-build.auto-scaling.CreateLaunchConfiguration
[2025-09-15T10:20:21.065+0000] {process_utils.py:194} INFO - 2025-09-15 10:20:21,063 botocore.hooks [DEBUG] Changing event name from before-parameter-build.route53 to before-parameter-build.route-53
[2025-09-15T10:20:21.066+0000] {process_utils.py:194} INFO - 2025-09-15 10:20:21,063 botocore.hooks [DEBUG] Changing event name from request-created.cloudsearchdomain.Search to request-created.cloudsearch-domain.Search
[2025-09-15T10:20:21.066+0000] {process_utils.py:194} INFO - 2025-09-15 10:20:21,064 botocore.hooks [DEBUG] Changing event name from docs.*.autoscaling.CreateLaunchConfiguration.complete-section to docs.*.auto-scaling.CreateLaunchConfiguration.complete-section
[2025-09-15T10:20:21.067+0000] {process_utils.py:194} INFO - 2025-09-15 10:20:21,066 botocore.hooks [DEBUG] Changing event name from before-parameter-build.logs.CreateExportTask to before-parameter-build.cloudwatch-logs.CreateExportTask
[2025-09-15T10:20:21.067+0000] {process_utils.py:194} INFO - 2025-09-15 10:20:21,066 botocore.hooks [DEBUG] Changing event name from docs.*.logs.CreateExportTask.complete-section to docs.*.cloudwatch-logs.CreateExportTask.complete-section
[2025-09-15T10:20:21.067+0000] {process_utils.py:194} INFO - 2025-09-15 10:20:21,067 botocore.hooks [DEBUG] Changing event name from before-parameter-build.cloudsearchdomain.Search to before-parameter-build.cloudsearch-domain.Search
[2025-09-15T10:20:21.067+0000] {process_utils.py:194} INFO - 2025-09-15 10:20:21,067 botocore.hooks [DEBUG] Changing event name from docs.*.cloudsearchdomain.Search.complete-section to docs.*.cloudsearch-domain.Search.complete-section
[2025-09-15T10:20:21.070+0000] {process_utils.py:194} INFO - 2025-09-15 10:20:21,070 botocore.loaders [DEBUG] Loading JSON file: /tmp/venvar3r5flu/lib/python3.10/site-packages/botocore/data/endpoints.json
[2025-09-15T10:20:21.094+0000] {process_utils.py:194} INFO - 2025-09-15 10:20:21,094 botocore.loaders [DEBUG] Loading JSON file: /tmp/venvar3r5flu/lib/python3.10/site-packages/botocore/data/sdk-default-configuration.json
[2025-09-15T10:20:21.095+0000] {process_utils.py:194} INFO - 2025-09-15 10:20:21,094 botocore.hooks [DEBUG] Event choose-service-name: calling handler <function handle_service_name_alias at 0x7f08d670df30>
[2025-09-15T10:20:21.125+0000] {process_utils.py:194} INFO - 2025-09-15 10:20:21,125 botocore.loaders [DEBUG] Loading JSON file: /tmp/venvar3r5flu/lib/python3.10/site-packages/botocore/data/s3/2006-03-01/service-2.json.gz
[2025-09-15T10:20:21.136+0000] {process_utils.py:194} INFO - 2025-09-15 10:20:21,136 botocore.loaders [DEBUG] Loading JSON file: /tmp/venvar3r5flu/lib/python3.10/site-packages/botocore/data/s3/2006-03-01/service-2.sdk-extras.json
[2025-09-15T10:20:21.161+0000] {process_utils.py:194} INFO - 2025-09-15 10:20:21,160 botocore.loaders [DEBUG] Loading JSON file: /tmp/venvar3r5flu/lib/python3.10/site-packages/botocore/data/s3/2006-03-01/endpoint-rule-set-1.json.gz
[2025-09-15T10:20:21.167+0000] {process_utils.py:194} INFO - 2025-09-15 10:20:21,167 botocore.loaders [DEBUG] Loading JSON file: /tmp/venvar3r5flu/lib/python3.10/site-packages/botocore/data/partitions.json
[2025-09-15T10:20:21.169+0000] {process_utils.py:194} INFO - 2025-09-15 10:20:21,169 botocore.hooks [DEBUG] Event creating-client-class.s3: calling handler <function add_generate_presigned_post at 0x7f08d688dd80>
[2025-09-15T10:20:21.170+0000] {process_utils.py:194} INFO - 2025-09-15 10:20:21,169 botocore.hooks [DEBUG] Event creating-client-class.s3: calling handler <function lazy_call.<locals>._handler at 0x7f08d78f55a0>
[2025-09-15T10:20:21.226+0000] {process_utils.py:194} INFO - 2025-09-15 10:20:21,226 botocore.hooks [DEBUG] Event creating-client-class.s3: calling handler <function add_generate_presigned_url at 0x7f08d688db40>
[2025-09-15T10:20:21.227+0000] {process_utils.py:194} INFO - 2025-09-15 10:20:21,227 botocore.regions [DEBUG] Creating a regex based endpoint for s3, ru-central1
[2025-09-15T10:20:21.231+0000] {process_utils.py:194} INFO - 2025-09-15 10:20:21,231 botocore.endpoint [DEBUG] Setting s3 timeout as (60, 60)
[2025-09-15T10:20:21.235+0000] {process_utils.py:194} INFO - 2025-09-15 10:20:21,235 botocore.loaders [DEBUG] Loading JSON file: /tmp/venvar3r5flu/lib/python3.10/site-packages/botocore/data/_retry.json
[2025-09-15T10:20:21.236+0000] {process_utils.py:194} INFO - 2025-09-15 10:20:21,236 botocore.client [DEBUG] Registering retry handlers for service: s3
[2025-09-15T10:20:21.236+0000] {process_utils.py:194} INFO - 2025-09-15 10:20:21,236 botocore.utils [DEBUG] Registering S3 region redirector handler
[2025-09-15T10:20:21.236+0000] {process_utils.py:194} INFO - 2025-09-15 10:20:21,236 botocore.utils [DEBUG] Registering S3Express Identity Resolver
[2025-09-15T10:20:21.238+0000] {process_utils.py:194} INFO - 2025-09-15 10:20:21,237 botocore.hooks [DEBUG] Event before-parameter-build.s3.HeadObject: calling handler <function sse_md5 at 0x7f08d670fb50>
[2025-09-15T10:20:21.238+0000] {process_utils.py:194} INFO - 2025-09-15 10:20:21,238 botocore.hooks [DEBUG] Event before-parameter-build.s3.HeadObject: calling handler <function validate_bucket_name at 0x7f08d670fac0>
[2025-09-15T10:20:21.238+0000] {process_utils.py:194} INFO - 2025-09-15 10:20:21,238 botocore.hooks [DEBUG] Event before-parameter-build.s3.HeadObject: calling handler <function remove_bucket_from_url_paths_from_model at 0x7f08d672da20>
[2025-09-15T10:20:21.239+0000] {process_utils.py:194} INFO - 2025-09-15 10:20:21,238 botocore.hooks [DEBUG] Event before-parameter-build.s3.HeadObject: calling handler <bound method S3RegionRedirectorv2.annotate_request_context of <botocore.utils.S3RegionRedirectorv2 object at 0x7f08953a0190>>
[2025-09-15T10:20:21.239+0000] {process_utils.py:194} INFO - 2025-09-15 10:20:21,238 botocore.hooks [DEBUG] Event before-parameter-build.s3.HeadObject: calling handler <bound method ClientCreator._inject_s3_input_parameters of <botocore.client.ClientCreator object at 0x7f0895f75de0>>
[2025-09-15T10:20:21.239+0000] {process_utils.py:194} INFO - 2025-09-15 10:20:21,238 botocore.hooks [DEBUG] Event before-parameter-build.s3.HeadObject: calling handler <function generate_idempotent_uuid at 0x7f08d670f910>
[2025-09-15T10:20:21.239+0000] {process_utils.py:194} INFO - 2025-09-15 10:20:21,238 botocore.hooks [DEBUG] Event before-parameter-build.s3.HeadObject: calling handler <function _handle_request_validation_mode_member at 0x7f08d672e050>
[2025-09-15T10:20:21.240+0000] {process_utils.py:194} INFO - 2025-09-15 10:20:21,238 botocore.hooks [DEBUG] Event before-endpoint-resolution.s3: calling handler <function customize_endpoint_resolver_builtins at 0x7f08d672dbd0>
[2025-09-15T10:20:21.240+0000] {process_utils.py:194} INFO - 2025-09-15 10:20:21,238 botocore.hooks [DEBUG] Event before-endpoint-resolution.s3: calling handler <bound method S3RegionRedirectorv2.redirect_from_cache of <botocore.utils.S3RegionRedirectorv2 object at 0x7f08953a0190>>
[2025-09-15T10:20:21.240+0000] {process_utils.py:194} INFO - 2025-09-15 10:20:21,239 botocore.regions [DEBUG] Calling endpoint provider with parameters: {'Bucket': 'app-kont-b1g0t8k8lmil0f9nu7b5b1gq24p6fvh9njeim173', 'Region': 'ru-central1', 'UseFIPS': False, 'UseDualStack': False, 'Endpoint': 'https://storage.yandexcloud.net', 'ForcePathStyle': True, 'Accelerate': False, 'UseGlobalEndpoint': False, 'Key': 'KONT.tar.gz', 'DisableMultiRegionAccessPoints': False, 'UseArnRegion': True}
[2025-09-15T10:20:21.240+0000] {process_utils.py:194} INFO - 2025-09-15 10:20:21,239 botocore.regions [DEBUG] Endpoint provider result: https://storage.yandexcloud.net/app-kont-b1g0t8k8lmil0f9nu7b5b1gq24p6fvh9njeim173
[2025-09-15T10:20:21.241+0000] {process_utils.py:194} INFO - 2025-09-15 10:20:21,240 botocore.regions [DEBUG] Selecting from endpoint provider's list of auth schemes: "sigv4". User selected auth scheme is: "None"
[2025-09-15T10:20:21.241+0000] {process_utils.py:194} INFO - 2025-09-15 10:20:21,240 botocore.regions [DEBUG] Selected auth type "v4" as "v4" with signing context params: {'region': 'ru-central1', 'signing_name': 's3', 'disableDoubleEncoding': True}
[2025-09-15T10:20:21.241+0000] {process_utils.py:194} INFO - 2025-09-15 10:20:21,240 botocore.hooks [DEBUG] Event before-call.s3.HeadObject: calling handler <function add_expect_header at 0x7f08d670fe20>
[2025-09-15T10:20:21.241+0000] {process_utils.py:194} INFO - 2025-09-15 10:20:21,240 botocore.hooks [DEBUG] Event before-call.s3.HeadObject: calling handler <bound method S3ExpressIdentityResolver.apply_signing_cache_key of <botocore.utils.S3ExpressIdentityResolver object at 0x7f08953a01f0>>
[2025-09-15T10:20:21.242+0000] {process_utils.py:194} INFO - 2025-09-15 10:20:21,240 botocore.hooks [DEBUG] Event before-call.s3.HeadObject: calling handler <function add_recursion_detection_header at 0x7f08d670f490>
[2025-09-15T10:20:21.242+0000] {process_utils.py:194} INFO - 2025-09-15 10:20:21,240 botocore.hooks [DEBUG] Event before-call.s3.HeadObject: calling handler <function inject_api_version_header_if_needed at 0x7f08d672d1b0>
[2025-09-15T10:20:21.243+0000] {process_utils.py:194} INFO - 2025-09-15 10:20:21,240 botocore.endpoint [DEBUG] Making request for OperationModel(name=HeadObject) with params: {'url_path': '/KONT.tar.gz', 'query_string': {}, 'method': 'HEAD', 'headers': {'User-Agent': 'Boto3/1.40.30 md/Botocore#1.40.30 ua/2.1 os/linux#5.4.0-216-generic md/arch#x86_64 lang/python#3.10.16 md/pyimpl#CPython m/N,Z,e,b,D,G cfg/retry-mode#legacy Botocore/1.40.30'}, 'body': b'', 'auth_path': '/app-kont-b1g0t8k8lmil0f9nu7b5b1gq24p6fvh9njeim173/KONT.tar.gz', 'url': 'https://storage.yandexcloud.net/app-kont-b1g0t8k8lmil0f9nu7b5b1gq24p6fvh9njeim173/KONT.tar.gz', 'context': {'client_region': 'ru-central1', 'client_config': <botocore.config.Config object at 0x7f08953dc640>, 'has_streaming_input': False, 'auth_type': 'v4', 'unsigned_payload': None, 'auth_options': ['aws.auth#sigv4'], 's3_redirect': {'redirected': False, 'bucket': 'app-kont-b1g0t8k8lmil0f9nu7b5b1gq24p6fvh9njeim173', 'params': {'Bucket': 'app-kont-b1g0t8k8lmil0f9nu7b5b1gq24p6fvh9njeim173', 'Key': 'KONT.tar.gz'}}, 'input_params': {'Bucket': 'app-kont-b1g0t8k8lmil0f9nu7b5b1gq24p6fvh9njeim173', 'Key': 'KONT.tar.gz'}, 'signing': {'region': 'ru-central1', 'signing_name': 's3', 'disableDoubleEncoding': True}, 'endpoint_properties': {'authSchemes': [{'disableDoubleEncoding': True, 'name': 'sigv4', 'signingName': 's3', 'signingRegion': 'ru-central1'}]}}}
[2025-09-15T10:20:21.243+0000] {process_utils.py:194} INFO - 2025-09-15 10:20:21,241 botocore.hooks [DEBUG] Event request-created.s3.HeadObject: calling handler <function signal_not_transferring at 0x7f0895440280>
[2025-09-15T10:20:21.243+0000] {process_utils.py:194} INFO - 2025-09-15 10:20:21,241 botocore.hooks [DEBUG] Event request-created.s3.HeadObject: calling handler <bound method RequestSigner.handler of <botocore.signers.RequestSigner object at 0x7f08953dc5b0>>
[2025-09-15T10:20:21.244+0000] {process_utils.py:194} INFO - 2025-09-15 10:20:21,241 botocore.hooks [DEBUG] Event choose-signer.s3.HeadObject: calling handler <function set_operation_specific_signer at 0x7f08d670f6d0>
[2025-09-15T10:20:21.244+0000] {process_utils.py:194} INFO - 2025-09-15 10:20:21,241 botocore.hooks [DEBUG] Event before-sign.s3.HeadObject: calling handler <function remove_arn_from_signing_path at 0x7f08d672db40>
[2025-09-15T10:20:21.244+0000] {process_utils.py:194} INFO - 2025-09-15 10:20:21,241 botocore.hooks [DEBUG] Event before-sign.s3.HeadObject: calling handler <function _set_extra_headers_for_unsigned_request at 0x7f08d672e0e0>
[2025-09-15T10:20:21.244+0000] {process_utils.py:194} INFO - 2025-09-15 10:20:21,241 botocore.hooks [DEBUG] Event before-sign.s3.HeadObject: calling handler <bound method S3ExpressIdentityResolver.resolve_s3express_identity of <botocore.utils.S3ExpressIdentityResolver object at 0x7f08953a01f0>>
[2025-09-15T10:20:21.244+0000] {process_utils.py:194} INFO - 2025-09-15 10:20:21,242 botocore.auth [DEBUG] Calculating signature using v4 auth.
[2025-09-15T10:20:21.245+0000] {process_utils.py:194} INFO - 2025-09-15 10:20:21,242 botocore.auth [DEBUG] CanonicalRequest:
[2025-09-15T10:20:21.245+0000] {process_utils.py:194} INFO - HEAD
[2025-09-15T10:20:21.245+0000] {process_utils.py:194} INFO - /app-kont-b1g0t8k8lmil0f9nu7b5b1gq24p6fvh9njeim173/KONT.tar.gz
[2025-09-15T10:20:21.245+0000] {process_utils.py:194} INFO - 
[2025-09-15T10:20:21.245+0000] {process_utils.py:194} INFO - host:storage.yandexcloud.net
[2025-09-15T10:20:21.245+0000] {process_utils.py:194} INFO - x-amz-content-sha256:e3b0c44298fc1c149afbf4c8996fb92427ae41e4649b934ca495991b7852b855
[2025-09-15T10:20:21.246+0000] {process_utils.py:194} INFO - x-amz-date:20250915T102021Z
[2025-09-15T10:20:21.246+0000] {process_utils.py:194} INFO - 
[2025-09-15T10:20:21.246+0000] {process_utils.py:194} INFO - host;x-amz-content-sha256;x-amz-date
[2025-09-15T10:20:21.246+0000] {process_utils.py:194} INFO - e3b0c44298fc1c149afbf4c8996fb92427ae41e4649b934ca495991b7852b855
[2025-09-15T10:20:21.246+0000] {process_utils.py:194} INFO - 2025-09-15 10:20:21,242 botocore.auth [DEBUG] StringToSign:
[2025-09-15T10:20:21.246+0000] {process_utils.py:194} INFO - AWS4-HMAC-SHA256
[2025-09-15T10:20:21.247+0000] {process_utils.py:194} INFO - 20250915T102021Z
[2025-09-15T10:20:21.247+0000] {process_utils.py:194} INFO - 20250915/ru-central1/s3/aws4_request
[2025-09-15T10:20:21.247+0000] {process_utils.py:194} INFO - 53b7c7d39a2085ef8eb3e60816db45d8e0d3210af70908f697f57dacef9918b5
[2025-09-15T10:20:21.247+0000] {process_utils.py:194} INFO - 2025-09-15 10:20:21,242 botocore.auth [DEBUG] Signature:
[2025-09-15T10:20:21.248+0000] {process_utils.py:194} INFO - c9e6f4544b533f8c1a0edba6c606217c74e65df10319e78d3c251fd27d890655
[2025-09-15T10:20:21.248+0000] {process_utils.py:194} INFO - 2025-09-15 10:20:21,242 botocore.hooks [DEBUG] Event request-created.s3.HeadObject: calling handler <bound method UserAgentString.rebuild_and_replace_user_agent_handler of <botocore.useragent.UserAgentString object at 0x7f08953a2020>>
[2025-09-15T10:20:21.248+0000] {process_utils.py:194} INFO - 2025-09-15 10:20:21,242 botocore.hooks [DEBUG] Event request-created.s3.HeadObject: calling handler <function signal_transferring at 0x7f0895440310>
[2025-09-15T10:20:21.248+0000] {process_utils.py:194} INFO - 2025-09-15 10:20:21,242 botocore.hooks [DEBUG] Event request-created.s3.HeadObject: calling handler <function add_retry_headers at 0x7f08d672d990>
[2025-09-15T10:20:21.249+0000] {process_utils.py:194} INFO - 2025-09-15 10:20:21,242 botocore.endpoint [DEBUG] Sending http request: <AWSPreparedRequest stream_output=False, method=HEAD, url=https://storage.yandexcloud.net/app-kont-b1g0t8k8lmil0f9nu7b5b1gq24p6fvh9njeim173/KONT.tar.gz, headers={'User-Agent': b'Boto3/1.40.30 md/Botocore#1.40.30 ua/2.1 os/linux#5.4.0-216-generic md/arch#x86_64 lang/python#3.10.16 md/pyimpl#CPython m/N,Z,e,b,D,G cfg/retry-mode#legacy Botocore/1.40.30', 'X-Amz-Date': b'20250915T102021Z', 'X-Amz-Content-SHA256': b'e3b0c44298fc1c149afbf4c8996fb92427ae41e4649b934ca495991b7852b855', 'Authorization': b'AWS4-HMAC-SHA256 Credential=YCAJEBUGJwhYiYbMTCWzEUai4/20250915/ru-central1/s3/aws4_request, SignedHeaders=host;x-amz-content-sha256;x-amz-date, Signature=c9e6f4544b533f8c1a0edba6c606217c74e65df10319e78d3c251fd27d890655', 'amz-sdk-invocation-id': b'a0297ae8-c9a0-4177-b551-de52308b40bf', 'amz-sdk-request': b'attempt=1'}>
[2025-09-15T10:20:21.249+0000] {process_utils.py:194} INFO - 2025-09-15 10:20:21,243 botocore.httpsession [DEBUG] Certificate path: /tmp/venvar3r5flu/lib/python3.10/site-packages/botocore/cacert.pem
[2025-09-15T10:20:21.303+0000] {process_utils.py:194} INFO - 2025-09-15 10:20:21,303 botocore.hooks [DEBUG] Event before-parse.s3.HeadObject: calling handler <function _handle_200_error at 0x7f08d672dea0>
[2025-09-15T10:20:21.304+0000] {process_utils.py:194} INFO - 2025-09-15 10:20:21,303 botocore.hooks [DEBUG] Event before-parse.s3.HeadObject: calling handler <function handle_expires_header at 0x7f08d672dcf0>
[2025-09-15T10:20:21.304+0000] {process_utils.py:194} INFO - 2025-09-15 10:20:21,303 botocore.parsers [DEBUG] Response headers: {'Server': 'nginx', 'Date': 'Mon, 15 Sep 2025 10:20:21 GMT', 'Content-Type': 'application/x-gzip', 'Content-Length': '68102592', 'Connection': 'keep-alive', 'Keep-Alive': 'timeout=60', 'Accept-Ranges': 'bytes', 'Etag': '"4b89aa9305fe90128e553ba26e82f152"', 'Last-Modified': 'Mon, 15 Jul 2024 10:01:46 GMT', 'X-Amz-Request-Id': '576ab15e62ebc9f3', 'X-Amz-Version-Id': 'null'}
[2025-09-15T10:20:21.305+0000] {process_utils.py:194} INFO - 2025-09-15 10:20:21,303 botocore.parsers [DEBUG] Response body:
[2025-09-15T10:20:21.305+0000] {process_utils.py:194} INFO - b''
[2025-09-15T10:20:21.305+0000] {process_utils.py:194} INFO - 2025-09-15 10:20:21,304 botocore.hooks [DEBUG] Event needs-retry.s3.HeadObject: calling handler <function _update_status_code at 0x7f08d672dfc0>
[2025-09-15T10:20:21.306+0000] {process_utils.py:194} INFO - 2025-09-15 10:20:21,304 botocore.hooks [DEBUG] Event needs-retry.s3.HeadObject: calling handler <botocore.retryhandler.RetryHandler object at 0x7f08953a00d0>
[2025-09-15T10:20:21.306+0000] {process_utils.py:194} INFO - 2025-09-15 10:20:21,304 botocore.retryhandler [DEBUG] No retry needed.
[2025-09-15T10:20:21.306+0000] {process_utils.py:194} INFO - 2025-09-15 10:20:21,304 botocore.hooks [DEBUG] Event needs-retry.s3.HeadObject: calling handler <bound method S3RegionRedirectorv2.redirect_from_error of <botocore.utils.S3RegionRedirectorv2 object at 0x7f08953a0190>>
[2025-09-15T10:20:21.307+0000] {process_utils.py:194} INFO - 2025-09-15 10:20:21,305 botocore.hooks [DEBUG] Event before-parameter-build.s3.GetObject: calling handler <function sse_md5 at 0x7f08d670fb50>
[2025-09-15T10:20:21.307+0000] {process_utils.py:194} INFO - 2025-09-15 10:20:21,305 botocore.hooks [DEBUG] Event before-parameter-build.s3.GetObject: calling handler <function validate_bucket_name at 0x7f08d670fac0>
[2025-09-15T10:20:21.307+0000] {process_utils.py:194} INFO - 2025-09-15 10:20:21,305 botocore.hooks [DEBUG] Event before-parameter-build.s3.GetObject: calling handler <function remove_bucket_from_url_paths_from_model at 0x7f08d672da20>
[2025-09-15T10:20:21.307+0000] {process_utils.py:194} INFO - 2025-09-15 10:20:21,305 botocore.hooks [DEBUG] Event before-parameter-build.s3.GetObject: calling handler <bound method S3RegionRedirectorv2.annotate_request_context of <botocore.utils.S3RegionRedirectorv2 object at 0x7f08953a0190>>
[2025-09-15T10:20:21.308+0000] {process_utils.py:194} INFO - 2025-09-15 10:20:21,305 botocore.hooks [DEBUG] Event before-parameter-build.s3.GetObject: calling handler <bound method ClientCreator._inject_s3_input_parameters of <botocore.client.ClientCreator object at 0x7f0895f75de0>>
[2025-09-15T10:20:21.308+0000] {process_utils.py:194} INFO - 2025-09-15 10:20:21,305 botocore.hooks [DEBUG] Event before-parameter-build.s3.GetObject: calling handler <function generate_idempotent_uuid at 0x7f08d670f910>
[2025-09-15T10:20:21.308+0000] {process_utils.py:194} INFO - 2025-09-15 10:20:21,305 botocore.hooks [DEBUG] Event before-parameter-build.s3.GetObject: calling handler <function _handle_request_validation_mode_member at 0x7f08d672e050>
[2025-09-15T10:20:21.308+0000] {process_utils.py:194} INFO - 2025-09-15 10:20:21,306 botocore.hooks [DEBUG] Event before-endpoint-resolution.s3: calling handler <function customize_endpoint_resolver_builtins at 0x7f08d672dbd0>
[2025-09-15T10:20:21.308+0000] {process_utils.py:194} INFO - 2025-09-15 10:20:21,306 botocore.hooks [DEBUG] Event before-endpoint-resolution.s3: calling handler <bound method S3RegionRedirectorv2.redirect_from_cache of <botocore.utils.S3RegionRedirectorv2 object at 0x7f08953a0190>>
[2025-09-15T10:20:21.309+0000] {process_utils.py:194} INFO - 2025-09-15 10:20:21,306 botocore.regions [DEBUG] Calling endpoint provider with parameters: {'Bucket': 'app-kont-b1g0t8k8lmil0f9nu7b5b1gq24p6fvh9njeim173', 'Region': 'ru-central1', 'UseFIPS': False, 'UseDualStack': False, 'Endpoint': 'https://storage.yandexcloud.net', 'ForcePathStyle': True, 'Accelerate': False, 'UseGlobalEndpoint': False, 'Key': 'KONT.tar.gz', 'DisableMultiRegionAccessPoints': False, 'UseArnRegion': True}
[2025-09-15T10:20:21.309+0000] {process_utils.py:194} INFO - 2025-09-15 10:20:21,306 botocore.regions [DEBUG] Endpoint provider result: https://storage.yandexcloud.net/app-kont-b1g0t8k8lmil0f9nu7b5b1gq24p6fvh9njeim173
[2025-09-15T10:20:21.309+0000] {process_utils.py:194} INFO - 2025-09-15 10:20:21,306 botocore.regions [DEBUG] Selecting from endpoint provider's list of auth schemes: "sigv4". User selected auth scheme is: "None"
[2025-09-15T10:20:21.309+0000] {process_utils.py:194} INFO - 2025-09-15 10:20:21,306 botocore.regions [DEBUG] Selected auth type "v4" as "v4" with signing context params: {'region': 'ru-central1', 'signing_name': 's3', 'disableDoubleEncoding': True}
[2025-09-15T10:20:21.310+0000] {process_utils.py:194} INFO - 2025-09-15 10:20:21,306 botocore.hooks [DEBUG] Event before-call.s3.GetObject: calling handler <function add_expect_header at 0x7f08d670fe20>
[2025-09-15T10:20:21.310+0000] {process_utils.py:194} INFO - 2025-09-15 10:20:21,307 botocore.hooks [DEBUG] Event before-call.s3.GetObject: calling handler <bound method S3ExpressIdentityResolver.apply_signing_cache_key of <botocore.utils.S3ExpressIdentityResolver object at 0x7f08953a01f0>>
[2025-09-15T10:20:21.310+0000] {process_utils.py:194} INFO - 2025-09-15 10:20:21,307 botocore.hooks [DEBUG] Event before-call.s3.GetObject: calling handler <function add_recursion_detection_header at 0x7f08d670f490>
[2025-09-15T10:20:21.310+0000] {process_utils.py:194} INFO - 2025-09-15 10:20:21,307 botocore.hooks [DEBUG] Event before-call.s3.GetObject: calling handler <function inject_api_version_header_if_needed at 0x7f08d672d1b0>
[2025-09-15T10:20:21.311+0000] {process_utils.py:194} INFO - 2025-09-15 10:20:21,307 botocore.endpoint [DEBUG] Making request for OperationModel(name=GetObject) with params: {'url_path': '/KONT.tar.gz', 'query_string': {}, 'method': 'GET', 'headers': {'Range': 'bytes=0-8388607', 'If-Match': '"4b89aa9305fe90128e553ba26e82f152"', 'x-amz-checksum-mode': 'ENABLED', 'User-Agent': 'Boto3/1.40.30 md/Botocore#1.40.30 ua/2.1 os/linux#5.4.0-216-generic md/arch#x86_64 lang/python#3.10.16 md/pyimpl#CPython m/N,Z,e,b,D,G cfg/retry-mode#legacy Botocore/1.40.30'}, 'body': b'', 'auth_path': '/app-kont-b1g0t8k8lmil0f9nu7b5b1gq24p6fvh9njeim173/KONT.tar.gz', 'url': 'https://storage.yandexcloud.net/app-kont-b1g0t8k8lmil0f9nu7b5b1gq24p6fvh9njeim173/KONT.tar.gz', 'context': {'client_region': 'ru-central1', 'client_config': <botocore.config.Config object at 0x7f08953dc640>, 'has_streaming_input': False, 'auth_type': 'v4', 'unsigned_payload': None, 'auth_options': ['aws.auth#sigv4'], 's3_redirect': {'redirected': False, 'bucket': 'app-kont-b1g0t8k8lmil0f9nu7b5b1gq24p6fvh9njeim173', 'params': {'Bucket': 'app-kont-b1g0t8k8lmil0f9nu7b5b1gq24p6fvh9njeim173', 'Key': 'KONT.tar.gz', 'Range': 'bytes=0-8388607', 'IfMatch': '"4b89aa9305fe90128e553ba26e82f152"', 'ChecksumMode': 'ENABLED'}}, 'input_params': {'Bucket': 'app-kont-b1g0t8k8lmil0f9nu7b5b1gq24p6fvh9njeim173', 'Key': 'KONT.tar.gz'}, 'signing': {'region': 'ru-central1', 'signing_name': 's3', 'disableDoubleEncoding': True}, 'endpoint_properties': {'authSchemes': [{'disableDoubleEncoding': True, 'name': 'sigv4', 'signingName': 's3', 'signingRegion': 'ru-central1'}]}, 'checksum': {'response_algorithms': ['crc32', 'sha1', 'sha256']}}}
[2025-09-15T10:20:21.312+0000] {process_utils.py:194} INFO - 2025-09-15 10:20:21,307 botocore.hooks [DEBUG] Event before-parameter-build.s3.GetObject: calling handler <function sse_md5 at 0x7f08d670fb50>
[2025-09-15T10:20:21.312+0000] {process_utils.py:194} INFO - 2025-09-15 10:20:21,307 botocore.hooks [DEBUG] Event before-parameter-build.s3.GetObject: calling handler <function validate_bucket_name at 0x7f08d670fac0>
[2025-09-15T10:20:21.312+0000] {process_utils.py:194} INFO - 2025-09-15 10:20:21,307 botocore.hooks [DEBUG] Event before-parameter-build.s3.GetObject: calling handler <function remove_bucket_from_url_paths_from_model at 0x7f08d672da20>
[2025-09-15T10:20:21.312+0000] {process_utils.py:194} INFO - 2025-09-15 10:20:21,307 botocore.hooks [DEBUG] Event before-parameter-build.s3.GetObject: calling handler <bound method S3RegionRedirectorv2.annotate_request_context of <botocore.utils.S3RegionRedirectorv2 object at 0x7f08953a0190>>
[2025-09-15T10:20:21.313+0000] {process_utils.py:194} INFO - 2025-09-15 10:20:21,307 botocore.hooks [DEBUG] Event before-parameter-build.s3.GetObject: calling handler <bound method ClientCreator._inject_s3_input_parameters of <botocore.client.ClientCreator object at 0x7f0895f75de0>>
[2025-09-15T10:20:21.313+0000] {process_utils.py:194} INFO - 2025-09-15 10:20:21,308 botocore.hooks [DEBUG] Event before-parameter-build.s3.GetObject: calling handler <function generate_idempotent_uuid at 0x7f08d670f910>
[2025-09-15T10:20:21.313+0000] {process_utils.py:194} INFO - 2025-09-15 10:20:21,308 botocore.hooks [DEBUG] Event before-parameter-build.s3.GetObject: calling handler <function _handle_request_validation_mode_member at 0x7f08d672e050>
[2025-09-15T10:20:21.313+0000] {process_utils.py:194} INFO - 2025-09-15 10:20:21,308 botocore.hooks [DEBUG] Event before-endpoint-resolution.s3: calling handler <function customize_endpoint_resolver_builtins at 0x7f08d672dbd0>
[2025-09-15T10:20:21.314+0000] {process_utils.py:194} INFO - 2025-09-15 10:20:21,308 botocore.hooks [DEBUG] Event before-endpoint-resolution.s3: calling handler <bound method S3RegionRedirectorv2.redirect_from_cache of <botocore.utils.S3RegionRedirectorv2 object at 0x7f08953a0190>>
[2025-09-15T10:20:21.314+0000] {process_utils.py:194} INFO - 2025-09-15 10:20:21,308 botocore.regions [DEBUG] Calling endpoint provider with parameters: {'Bucket': 'app-kont-b1g0t8k8lmil0f9nu7b5b1gq24p6fvh9njeim173', 'Region': 'ru-central1', 'UseFIPS': False, 'UseDualStack': False, 'Endpoint': 'https://storage.yandexcloud.net', 'ForcePathStyle': True, 'Accelerate': False, 'UseGlobalEndpoint': False, 'Key': 'KONT.tar.gz', 'DisableMultiRegionAccessPoints': False, 'UseArnRegion': True}
[2025-09-15T10:20:21.314+0000] {process_utils.py:194} INFO - 2025-09-15 10:20:21,308 botocore.regions [DEBUG] Endpoint provider result: https://storage.yandexcloud.net/app-kont-b1g0t8k8lmil0f9nu7b5b1gq24p6fvh9njeim173
[2025-09-15T10:20:21.315+0000] {process_utils.py:194} INFO - 2025-09-15 10:20:21,308 botocore.regions [DEBUG] Selecting from endpoint provider's list of auth schemes: "sigv4". User selected auth scheme is: "None"
[2025-09-15T10:20:21.315+0000] {process_utils.py:194} INFO - 2025-09-15 10:20:21,308 botocore.regions [DEBUG] Selected auth type "v4" as "v4" with signing context params: {'region': 'ru-central1', 'signing_name': 's3', 'disableDoubleEncoding': True}
[2025-09-15T10:20:21.315+0000] {process_utils.py:194} INFO - 2025-09-15 10:20:21,308 botocore.hooks [DEBUG] Event before-call.s3.GetObject: calling handler <function add_expect_header at 0x7f08d670fe20>
[2025-09-15T10:20:21.315+0000] {process_utils.py:194} INFO - 2025-09-15 10:20:21,308 botocore.hooks [DEBUG] Event before-call.s3.GetObject: calling handler <bound method S3ExpressIdentityResolver.apply_signing_cache_key of <botocore.utils.S3ExpressIdentityResolver object at 0x7f08953a01f0>>
[2025-09-15T10:20:21.316+0000] {process_utils.py:194} INFO - 2025-09-15 10:20:21,308 botocore.hooks [DEBUG] Event before-call.s3.GetObject: calling handler <function add_recursion_detection_header at 0x7f08d670f490>
[2025-09-15T10:20:21.316+0000] {process_utils.py:194} INFO - 2025-09-15 10:20:21,308 botocore.hooks [DEBUG] Event before-call.s3.GetObject: calling handler <function inject_api_version_header_if_needed at 0x7f08d672d1b0>
[2025-09-15T10:20:21.317+0000] {process_utils.py:194} INFO - 2025-09-15 10:20:21,308 botocore.endpoint [DEBUG] Making request for OperationModel(name=GetObject) with params: {'url_path': '/KONT.tar.gz', 'query_string': {}, 'method': 'GET', 'headers': {'Range': 'bytes=8388608-16777215', 'If-Match': '"4b89aa9305fe90128e553ba26e82f152"', 'x-amz-checksum-mode': 'ENABLED', 'User-Agent': 'Boto3/1.40.30 md/Botocore#1.40.30 ua/2.1 os/linux#5.4.0-216-generic md/arch#x86_64 lang/python#3.10.16 md/pyimpl#CPython m/N,Z,e,b,D,G cfg/retry-mode#legacy Botocore/1.40.30'}, 'body': b'', 'auth_path': '/app-kont-b1g0t8k8lmil0f9nu7b5b1gq24p6fvh9njeim173/KONT.tar.gz', 'url': 'https://storage.yandexcloud.net/app-kont-b1g0t8k8lmil0f9nu7b5b1gq24p6fvh9njeim173/KONT.tar.gz', 'context': {'client_region': 'ru-central1', 'client_config': <botocore.config.Config object at 0x7f08953dc640>, 'has_streaming_input': False, 'auth_type': 'v4', 'unsigned_payload': None, 'auth_options': ['aws.auth#sigv4'], 's3_redirect': {'redirected': False, 'bucket': 'app-kont-b1g0t8k8lmil0f9nu7b5b1gq24p6fvh9njeim173', 'params': {'Bucket': 'app-kont-b1g0t8k8lmil0f9nu7b5b1gq24p6fvh9njeim173', 'Key': 'KONT.tar.gz', 'Range': 'bytes=8388608-16777215', 'IfMatch': '"4b89aa9305fe90128e553ba26e82f152"', 'ChecksumMode': 'ENABLED'}}, 'input_params': {'Bucket': 'app-kont-b1g0t8k8lmil0f9nu7b5b1gq24p6fvh9njeim173', 'Key': 'KONT.tar.gz'}, 'signing': {'region': 'ru-central1', 'signing_name': 's3', 'disableDoubleEncoding': True}, 'endpoint_properties': {'authSchemes': [{'disableDoubleEncoding': True, 'name': 'sigv4', 'signingName': 's3', 'signingRegion': 'ru-central1'}]}, 'checksum': {'response_algorithms': ['crc32', 'sha1', 'sha256']}}}
[2025-09-15T10:20:21.317+0000] {process_utils.py:194} INFO - 2025-09-15 10:20:21,309 botocore.hooks [DEBUG] Event request-created.s3.GetObject: calling handler <function signal_not_transferring at 0x7f0895440280>
[2025-09-15T10:20:21.318+0000] {process_utils.py:194} INFO - 2025-09-15 10:20:21,309 botocore.hooks [DEBUG] Event request-created.s3.GetObject: calling handler <bound method RequestSigner.handler of <botocore.signers.RequestSigner object at 0x7f08953dc5b0>>
[2025-09-15T10:20:21.318+0000] {process_utils.py:194} INFO - 2025-09-15 10:20:21,309 botocore.hooks [DEBUG] Event choose-signer.s3.GetObject: calling handler <function set_operation_specific_signer at 0x7f08d670f6d0>
[2025-09-15T10:20:21.323+0000] {process_utils.py:194} INFO - 2025-09-15 10:20:21,309 botocore.hooks [DEBUG] Event before-sign.s3.GetObject: calling handler <function remove_arn_from_signing_path at 0x7f08d672db40>
[2025-09-15T10:20:21.324+0000] {process_utils.py:194} INFO - 2025-09-15 10:20:21,309 botocore.hooks [DEBUG] Event before-sign.s3.GetObject: calling handler <function _set_extra_headers_for_unsigned_request at 0x7f08d672e0e0>
[2025-09-15T10:20:21.324+0000] {process_utils.py:194} INFO - 2025-09-15 10:20:21,309 botocore.hooks [DEBUG] Event before-sign.s3.GetObject: calling handler <bound method S3ExpressIdentityResolver.resolve_s3express_identity of <botocore.utils.S3ExpressIdentityResolver object at 0x7f08953a01f0>>
[2025-09-15T10:20:21.324+0000] {process_utils.py:194} INFO - 2025-09-15 10:20:21,309 botocore.auth [DEBUG] Calculating signature using v4 auth.
[2025-09-15T10:20:21.324+0000] {process_utils.py:194} INFO - 2025-09-15 10:20:21,309 botocore.auth [DEBUG] CanonicalRequest:
[2025-09-15T10:20:21.324+0000] {process_utils.py:194} INFO - GET
[2025-09-15T10:20:21.325+0000] {process_utils.py:194} INFO - /app-kont-b1g0t8k8lmil0f9nu7b5b1gq24p6fvh9njeim173/KONT.tar.gz
[2025-09-15T10:20:21.325+0000] {process_utils.py:194} INFO - 
[2025-09-15T10:20:21.325+0000] {process_utils.py:194} INFO - host:storage.yandexcloud.net
[2025-09-15T10:20:21.325+0000] {process_utils.py:194} INFO - if-match:"4b89aa9305fe90128e553ba26e82f152"
[2025-09-15T10:20:21.325+0000] {process_utils.py:194} INFO - range:bytes=8388608-16777215
[2025-09-15T10:20:21.325+0000] {process_utils.py:194} INFO - x-amz-checksum-mode:ENABLED
[2025-09-15T10:20:21.325+0000] {process_utils.py:194} INFO - x-amz-content-sha256:e3b0c44298fc1c149afbf4c8996fb92427ae41e4649b934ca495991b7852b855
[2025-09-15T10:20:21.326+0000] {process_utils.py:194} INFO - x-amz-date:20250915T102021Z
[2025-09-15T10:20:21.326+0000] {process_utils.py:194} INFO - 
[2025-09-15T10:20:21.326+0000] {process_utils.py:194} INFO - host;if-match;range;x-amz-checksum-mode;x-amz-content-sha256;x-amz-date
[2025-09-15T10:20:21.326+0000] {process_utils.py:194} INFO - e3b0c44298fc1c149afbf4c8996fb92427ae41e4649b934ca495991b7852b855
[2025-09-15T10:20:21.326+0000] {process_utils.py:194} INFO - 2025-09-15 10:20:21,310 botocore.auth [DEBUG] StringToSign:
[2025-09-15T10:20:21.326+0000] {process_utils.py:194} INFO - AWS4-HMAC-SHA256
[2025-09-15T10:20:21.327+0000] {process_utils.py:194} INFO - 20250915T102021Z
[2025-09-15T10:20:21.327+0000] {process_utils.py:194} INFO - 20250915/ru-central1/s3/aws4_request
[2025-09-15T10:20:21.327+0000] {process_utils.py:194} INFO - 8469bee9866d5a4f131f9dd091d7804cf20ae7e83f41e1c13c53e7f613469493
[2025-09-15T10:20:21.327+0000] {process_utils.py:194} INFO - 2025-09-15 10:20:21,310 botocore.auth [DEBUG] Signature:
[2025-09-15T10:20:21.327+0000] {process_utils.py:194} INFO - 074ad4151b3cc0c16e333f7af1f34f2572980d397034230896ca3e130ee9fc57
[2025-09-15T10:20:21.328+0000] {process_utils.py:194} INFO - 2025-09-15 10:20:21,310 botocore.hooks [DEBUG] Event request-created.s3.GetObject: calling handler <bound method UserAgentString.rebuild_and_replace_user_agent_handler of <botocore.useragent.UserAgentString object at 0x7f08953a2020>>
[2025-09-15T10:20:21.328+0000] {process_utils.py:194} INFO - 2025-09-15 10:20:21,310 botocore.hooks [DEBUG] Event request-created.s3.GetObject: calling handler <function signal_transferring at 0x7f0895440310>
[2025-09-15T10:20:21.328+0000] {process_utils.py:194} INFO - 2025-09-15 10:20:21,310 botocore.hooks [DEBUG] Event request-created.s3.GetObject: calling handler <function add_retry_headers at 0x7f08d672d990>
[2025-09-15T10:20:21.329+0000] {process_utils.py:194} INFO - 2025-09-15 10:20:21,310 botocore.endpoint [DEBUG] Sending http request: <AWSPreparedRequest stream_output=True, method=GET, url=https://storage.yandexcloud.net/app-kont-b1g0t8k8lmil0f9nu7b5b1gq24p6fvh9njeim173/KONT.tar.gz, headers={'Range': b'bytes=8388608-16777215', 'If-Match': b'"4b89aa9305fe90128e553ba26e82f152"', 'x-amz-checksum-mode': b'ENABLED', 'User-Agent': b'Boto3/1.40.30 md/Botocore#1.40.30 ua/2.1 os/linux#5.4.0-216-generic md/arch#x86_64 lang/python#3.10.16 md/pyimpl#CPython m/N,Z,e,b,D,G cfg/retry-mode#legacy Botocore/1.40.30', 'X-Amz-Date': b'20250915T102021Z', 'X-Amz-Content-SHA256': b'e3b0c44298fc1c149afbf4c8996fb92427ae41e4649b934ca495991b7852b855', 'Authorization': b'AWS4-HMAC-SHA256 Credential=YCAJEBUGJwhYiYbMTCWzEUai4/20250915/ru-central1/s3/aws4_request, SignedHeaders=host;if-match;range;x-amz-checksum-mode;x-amz-content-sha256;x-amz-date, Signature=074ad4151b3cc0c16e333f7af1f34f2572980d397034230896ca3e130ee9fc57', 'amz-sdk-invocation-id': b'e0e37af3-d6d5-4678-a2b7-cac171d1ff5b', 'amz-sdk-request': b'attempt=1'}>
[2025-09-15T10:20:21.329+0000] {process_utils.py:194} INFO - 2025-09-15 10:20:21,310 botocore.httpsession [DEBUG] Certificate path: /tmp/venvar3r5flu/lib/python3.10/site-packages/botocore/cacert.pem
[2025-09-15T10:20:21.329+0000] {process_utils.py:194} INFO - 2025-09-15 10:20:21,311 botocore.hooks [DEBUG] Event request-created.s3.GetObject: calling handler <function signal_not_transferring at 0x7f0895440280>
[2025-09-15T10:20:21.330+0000] {process_utils.py:194} INFO - 2025-09-15 10:20:21,311 botocore.hooks [DEBUG] Event request-created.s3.GetObject: calling handler <bound method RequestSigner.handler of <botocore.signers.RequestSigner object at 0x7f08953dc5b0>>
[2025-09-15T10:20:21.330+0000] {process_utils.py:194} INFO - 2025-09-15 10:20:21,311 botocore.hooks [DEBUG] Event choose-signer.s3.GetObject: calling handler <function set_operation_specific_signer at 0x7f08d670f6d0>
[2025-09-15T10:20:21.330+0000] {process_utils.py:194} INFO - 2025-09-15 10:20:21,311 botocore.hooks [DEBUG] Event before-sign.s3.GetObject: calling handler <function remove_arn_from_signing_path at 0x7f08d672db40>
[2025-09-15T10:20:21.330+0000] {process_utils.py:194} INFO - 2025-09-15 10:20:21,311 botocore.hooks [DEBUG] Event before-sign.s3.GetObject: calling handler <function _set_extra_headers_for_unsigned_request at 0x7f08d672e0e0>
[2025-09-15T10:20:21.331+0000] {process_utils.py:194} INFO - 2025-09-15 10:20:21,311 botocore.hooks [DEBUG] Event before-sign.s3.GetObject: calling handler <bound method S3ExpressIdentityResolver.resolve_s3express_identity of <botocore.utils.S3ExpressIdentityResolver object at 0x7f08953a01f0>>
[2025-09-15T10:20:21.331+0000] {process_utils.py:194} INFO - 2025-09-15 10:20:21,311 botocore.auth [DEBUG] Calculating signature using v4 auth.
[2025-09-15T10:20:21.331+0000] {process_utils.py:194} INFO - 2025-09-15 10:20:21,312 botocore.auth [DEBUG] CanonicalRequest:
[2025-09-15T10:20:21.331+0000] {process_utils.py:194} INFO - GET
[2025-09-15T10:20:21.331+0000] {process_utils.py:194} INFO - /app-kont-b1g0t8k8lmil0f9nu7b5b1gq24p6fvh9njeim173/KONT.tar.gz
[2025-09-15T10:20:21.331+0000] {process_utils.py:194} INFO - 
[2025-09-15T10:20:21.331+0000] {process_utils.py:194} INFO - host:storage.yandexcloud.net
[2025-09-15T10:20:21.332+0000] {process_utils.py:194} INFO - if-match:"4b89aa9305fe90128e553ba26e82f152"
[2025-09-15T10:20:21.332+0000] {process_utils.py:194} INFO - range:bytes=0-8388607
[2025-09-15T10:20:21.332+0000] {process_utils.py:194} INFO - x-amz-checksum-mode:ENABLED
[2025-09-15T10:20:21.332+0000] {process_utils.py:194} INFO - x-amz-content-sha256:e3b0c44298fc1c149afbf4c8996fb92427ae41e4649b934ca495991b7852b855
[2025-09-15T10:20:21.332+0000] {process_utils.py:194} INFO - x-amz-date:20250915T102021Z
[2025-09-15T10:20:21.332+0000] {process_utils.py:194} INFO - 
[2025-09-15T10:20:21.332+0000] {process_utils.py:194} INFO - host;if-match;range;x-amz-checksum-mode;x-amz-content-sha256;x-amz-date
[2025-09-15T10:20:21.333+0000] {process_utils.py:194} INFO - e3b0c44298fc1c149afbf4c8996fb92427ae41e4649b934ca495991b7852b855
[2025-09-15T10:20:21.333+0000] {process_utils.py:194} INFO - 2025-09-15 10:20:21,312 botocore.auth [DEBUG] StringToSign:
[2025-09-15T10:20:21.333+0000] {process_utils.py:194} INFO - AWS4-HMAC-SHA256
[2025-09-15T10:20:21.333+0000] {process_utils.py:194} INFO - 20250915T102021Z
[2025-09-15T10:20:21.334+0000] {process_utils.py:194} INFO - 20250915/ru-central1/s3/aws4_request
[2025-09-15T10:20:21.334+0000] {process_utils.py:194} INFO - 6bc13e17bd91d1d9bb85424266f7557911b5625a51d6f6e008f137e1b886e9b8
[2025-09-15T10:20:21.334+0000] {process_utils.py:194} INFO - 2025-09-15 10:20:21,312 botocore.auth [DEBUG] Signature:
[2025-09-15T10:20:21.334+0000] {process_utils.py:194} INFO - aa3d55b05e49097eb3f61bf6d24de0e2860332fe489f1ff73f581c0231abfcc2
[2025-09-15T10:20:21.335+0000] {process_utils.py:194} INFO - 2025-09-15 10:20:21,312 botocore.hooks [DEBUG] Event request-created.s3.GetObject: calling handler <bound method UserAgentString.rebuild_and_replace_user_agent_handler of <botocore.useragent.UserAgentString object at 0x7f08953a2020>>
[2025-09-15T10:20:21.335+0000] {process_utils.py:194} INFO - 2025-09-15 10:20:21,312 botocore.hooks [DEBUG] Event request-created.s3.GetObject: calling handler <function signal_transferring at 0x7f0895440310>
[2025-09-15T10:20:21.335+0000] {process_utils.py:194} INFO - 2025-09-15 10:20:21,312 botocore.hooks [DEBUG] Event request-created.s3.GetObject: calling handler <function add_retry_headers at 0x7f08d672d990>
[2025-09-15T10:20:21.336+0000] {process_utils.py:194} INFO - 2025-09-15 10:20:21,312 botocore.endpoint [DEBUG] Sending http request: <AWSPreparedRequest stream_output=True, method=GET, url=https://storage.yandexcloud.net/app-kont-b1g0t8k8lmil0f9nu7b5b1gq24p6fvh9njeim173/KONT.tar.gz, headers={'Range': b'bytes=0-8388607', 'If-Match': b'"4b89aa9305fe90128e553ba26e82f152"', 'x-amz-checksum-mode': b'ENABLED', 'User-Agent': b'Boto3/1.40.30 md/Botocore#1.40.30 ua/2.1 os/linux#5.4.0-216-generic md/arch#x86_64 lang/python#3.10.16 md/pyimpl#CPython m/N,Z,e,b,D,G cfg/retry-mode#legacy Botocore/1.40.30', 'X-Amz-Date': b'20250915T102021Z', 'X-Amz-Content-SHA256': b'e3b0c44298fc1c149afbf4c8996fb92427ae41e4649b934ca495991b7852b855', 'Authorization': b'AWS4-HMAC-SHA256 Credential=YCAJEBUGJwhYiYbMTCWzEUai4/20250915/ru-central1/s3/aws4_request, SignedHeaders=host;if-match;range;x-amz-checksum-mode;x-amz-content-sha256;x-amz-date, Signature=aa3d55b05e49097eb3f61bf6d24de0e2860332fe489f1ff73f581c0231abfcc2', 'amz-sdk-invocation-id': b'50ee5f88-338e-4dc2-ae47-c01df3b787e3', 'amz-sdk-request': b'attempt=1'}>
[2025-09-15T10:20:21.337+0000] {process_utils.py:194} INFO - 2025-09-15 10:20:21,312 botocore.httpsession [DEBUG] Certificate path: /tmp/venvar3r5flu/lib/python3.10/site-packages/botocore/cacert.pem
[2025-09-15T10:20:21.337+0000] {process_utils.py:194} INFO - 2025-09-15 10:20:21,314 botocore.hooks [DEBUG] Event before-parameter-build.s3.GetObject: calling handler <function sse_md5 at 0x7f08d670fb50>
[2025-09-15T10:20:21.337+0000] {process_utils.py:194} INFO - 2025-09-15 10:20:21,314 botocore.hooks [DEBUG] Event before-parameter-build.s3.GetObject: calling handler <function validate_bucket_name at 0x7f08d670fac0>
[2025-09-15T10:20:21.338+0000] {process_utils.py:194} INFO - 2025-09-15 10:20:21,314 botocore.hooks [DEBUG] Event before-parameter-build.s3.GetObject: calling handler <function remove_bucket_from_url_paths_from_model at 0x7f08d672da20>
[2025-09-15T10:20:21.338+0000] {process_utils.py:194} INFO - 2025-09-15 10:20:21,314 botocore.hooks [DEBUG] Event before-parameter-build.s3.GetObject: calling handler <bound method S3RegionRedirectorv2.annotate_request_context of <botocore.utils.S3RegionRedirectorv2 object at 0x7f08953a0190>>
[2025-09-15T10:20:21.338+0000] {process_utils.py:194} INFO - 2025-09-15 10:20:21,314 botocore.hooks [DEBUG] Event before-parameter-build.s3.GetObject: calling handler <bound method ClientCreator._inject_s3_input_parameters of <botocore.client.ClientCreator object at 0x7f0895f75de0>>
[2025-09-15T10:20:21.339+0000] {process_utils.py:194} INFO - 2025-09-15 10:20:21,314 botocore.hooks [DEBUG] Event before-parameter-build.s3.GetObject: calling handler <function generate_idempotent_uuid at 0x7f08d670f910>
[2025-09-15T10:20:21.339+0000] {process_utils.py:194} INFO - 2025-09-15 10:20:21,314 botocore.hooks [DEBUG] Event before-parameter-build.s3.GetObject: calling handler <function _handle_request_validation_mode_member at 0x7f08d672e050>
[2025-09-15T10:20:21.340+0000] {process_utils.py:194} INFO - 2025-09-15 10:20:21,314 botocore.hooks [DEBUG] Event before-endpoint-resolution.s3: calling handler <function customize_endpoint_resolver_builtins at 0x7f08d672dbd0>
[2025-09-15T10:20:21.340+0000] {process_utils.py:194} INFO - 2025-09-15 10:20:21,314 botocore.hooks [DEBUG] Event before-endpoint-resolution.s3: calling handler <bound method S3RegionRedirectorv2.redirect_from_cache of <botocore.utils.S3RegionRedirectorv2 object at 0x7f08953a0190>>
[2025-09-15T10:20:21.341+0000] {process_utils.py:194} INFO - 2025-09-15 10:20:21,314 botocore.regions [DEBUG] Calling endpoint provider with parameters: {'Bucket': 'app-kont-b1g0t8k8lmil0f9nu7b5b1gq24p6fvh9njeim173', 'Region': 'ru-central1', 'UseFIPS': False, 'UseDualStack': False, 'Endpoint': 'https://storage.yandexcloud.net', 'ForcePathStyle': True, 'Accelerate': False, 'UseGlobalEndpoint': False, 'Key': 'KONT.tar.gz', 'DisableMultiRegionAccessPoints': False, 'UseArnRegion': True}
[2025-09-15T10:20:21.341+0000] {process_utils.py:194} INFO - 2025-09-15 10:20:21,315 botocore.regions [DEBUG] Endpoint provider result: https://storage.yandexcloud.net/app-kont-b1g0t8k8lmil0f9nu7b5b1gq24p6fvh9njeim173
[2025-09-15T10:20:21.341+0000] {process_utils.py:194} INFO - 2025-09-15 10:20:21,315 botocore.regions [DEBUG] Selecting from endpoint provider's list of auth schemes: "sigv4". User selected auth scheme is: "None"
[2025-09-15T10:20:21.342+0000] {process_utils.py:194} INFO - 2025-09-15 10:20:21,315 botocore.regions [DEBUG] Selected auth type "v4" as "v4" with signing context params: {'region': 'ru-central1', 'signing_name': 's3', 'disableDoubleEncoding': True}
[2025-09-15T10:20:21.342+0000] {process_utils.py:194} INFO - 2025-09-15 10:20:21,315 botocore.hooks [DEBUG] Event before-call.s3.GetObject: calling handler <function add_expect_header at 0x7f08d670fe20>
[2025-09-15T10:20:21.343+0000] {process_utils.py:194} INFO - 2025-09-15 10:20:21,315 botocore.hooks [DEBUG] Event before-call.s3.GetObject: calling handler <bound method S3ExpressIdentityResolver.apply_signing_cache_key of <botocore.utils.S3ExpressIdentityResolver object at 0x7f08953a01f0>>
[2025-09-15T10:20:21.343+0000] {process_utils.py:194} INFO - 2025-09-15 10:20:21,315 botocore.hooks [DEBUG] Event before-call.s3.GetObject: calling handler <function add_recursion_detection_header at 0x7f08d670f490>
[2025-09-15T10:20:21.343+0000] {process_utils.py:194} INFO - 2025-09-15 10:20:21,315 botocore.hooks [DEBUG] Event before-call.s3.GetObject: calling handler <function inject_api_version_header_if_needed at 0x7f08d672d1b0>
[2025-09-15T10:20:21.344+0000] {process_utils.py:194} INFO - 2025-09-15 10:20:21,315 botocore.endpoint [DEBUG] Making request for OperationModel(name=GetObject) with params: {'url_path': '/KONT.tar.gz', 'query_string': {}, 'method': 'GET', 'headers': {'Range': 'bytes=16777216-25165823', 'If-Match': '"4b89aa9305fe90128e553ba26e82f152"', 'x-amz-checksum-mode': 'ENABLED', 'User-Agent': 'Boto3/1.40.30 md/Botocore#1.40.30 ua/2.1 os/linux#5.4.0-216-generic md/arch#x86_64 lang/python#3.10.16 md/pyimpl#CPython m/N,Z,e,b,D,G cfg/retry-mode#legacy Botocore/1.40.30'}, 'body': b'', 'auth_path': '/app-kont-b1g0t8k8lmil0f9nu7b5b1gq24p6fvh9njeim173/KONT.tar.gz', 'url': 'https://storage.yandexcloud.net/app-kont-b1g0t8k8lmil0f9nu7b5b1gq24p6fvh9njeim173/KONT.tar.gz', 'context': {'client_region': 'ru-central1', 'client_config': <botocore.config.Config object at 0x7f08953dc640>, 'has_streaming_input': False, 'auth_type': 'v4', 'unsigned_payload': None, 'auth_options': ['aws.auth#sigv4'], 's3_redirect': {'redirected': False, 'bucket': 'app-kont-b1g0t8k8lmil0f9nu7b5b1gq24p6fvh9njeim173', 'params': {'Bucket': 'app-kont-b1g0t8k8lmil0f9nu7b5b1gq24p6fvh9njeim173', 'Key': 'KONT.tar.gz', 'Range': 'bytes=16777216-25165823', 'IfMatch': '"4b89aa9305fe90128e553ba26e82f152"', 'ChecksumMode': 'ENABLED'}}, 'input_params': {'Bucket': 'app-kont-b1g0t8k8lmil0f9nu7b5b1gq24p6fvh9njeim173', 'Key': 'KONT.tar.gz'}, 'signing': {'region': 'ru-central1', 'signing_name': 's3', 'disableDoubleEncoding': True}, 'endpoint_properties': {'authSchemes': [{'disableDoubleEncoding': True, 'name': 'sigv4', 'signingName': 's3', 'signingRegion': 'ru-central1'}]}, 'checksum': {'response_algorithms': ['crc32', 'sha1', 'sha256']}}}
[2025-09-15T10:20:21.345+0000] {process_utils.py:194} INFO - 2025-09-15 10:20:21,315 botocore.hooks [DEBUG] Event request-created.s3.GetObject: calling handler <function signal_not_transferring at 0x7f0895440280>
[2025-09-15T10:20:21.345+0000] {process_utils.py:194} INFO - 2025-09-15 10:20:21,315 botocore.hooks [DEBUG] Event request-created.s3.GetObject: calling handler <bound method RequestSigner.handler of <botocore.signers.RequestSigner object at 0x7f08953dc5b0>>
[2025-09-15T10:20:21.345+0000] {process_utils.py:194} INFO - 2025-09-15 10:20:21,315 botocore.hooks [DEBUG] Event choose-signer.s3.GetObject: calling handler <function set_operation_specific_signer at 0x7f08d670f6d0>
[2025-09-15T10:20:21.346+0000] {process_utils.py:194} INFO - 2025-09-15 10:20:21,316 botocore.hooks [DEBUG] Event before-sign.s3.GetObject: calling handler <function remove_arn_from_signing_path at 0x7f08d672db40>
[2025-09-15T10:20:21.346+0000] {process_utils.py:194} INFO - 2025-09-15 10:20:21,316 botocore.hooks [DEBUG] Event before-sign.s3.GetObject: calling handler <function _set_extra_headers_for_unsigned_request at 0x7f08d672e0e0>
[2025-09-15T10:20:21.346+0000] {process_utils.py:194} INFO - 2025-09-15 10:20:21,316 botocore.hooks [DEBUG] Event before-sign.s3.GetObject: calling handler <bound method S3ExpressIdentityResolver.resolve_s3express_identity of <botocore.utils.S3ExpressIdentityResolver object at 0x7f08953a01f0>>
[2025-09-15T10:20:21.346+0000] {process_utils.py:194} INFO - 2025-09-15 10:20:21,316 botocore.auth [DEBUG] Calculating signature using v4 auth.
[2025-09-15T10:20:21.347+0000] {process_utils.py:194} INFO - 2025-09-15 10:20:21,316 botocore.auth [DEBUG] CanonicalRequest:
[2025-09-15T10:20:21.347+0000] {process_utils.py:194} INFO - GET
[2025-09-15T10:20:21.347+0000] {process_utils.py:194} INFO - /app-kont-b1g0t8k8lmil0f9nu7b5b1gq24p6fvh9njeim173/KONT.tar.gz
[2025-09-15T10:20:21.347+0000] {process_utils.py:194} INFO - 
[2025-09-15T10:20:21.348+0000] {process_utils.py:194} INFO - host:storage.yandexcloud.net
[2025-09-15T10:20:21.348+0000] {process_utils.py:194} INFO - if-match:"4b89aa9305fe90128e553ba26e82f152"
[2025-09-15T10:20:21.348+0000] {process_utils.py:194} INFO - range:bytes=16777216-25165823
[2025-09-15T10:20:21.348+0000] {process_utils.py:194} INFO - x-amz-checksum-mode:ENABLED
[2025-09-15T10:20:21.348+0000] {process_utils.py:194} INFO - x-amz-content-sha256:e3b0c44298fc1c149afbf4c8996fb92427ae41e4649b934ca495991b7852b855
[2025-09-15T10:20:21.349+0000] {process_utils.py:194} INFO - x-amz-date:20250915T102021Z
[2025-09-15T10:20:21.349+0000] {process_utils.py:194} INFO - 
[2025-09-15T10:20:21.349+0000] {process_utils.py:194} INFO - host;if-match;range;x-amz-checksum-mode;x-amz-content-sha256;x-amz-date
[2025-09-15T10:20:21.349+0000] {process_utils.py:194} INFO - e3b0c44298fc1c149afbf4c8996fb92427ae41e4649b934ca495991b7852b855
[2025-09-15T10:20:21.349+0000] {process_utils.py:194} INFO - 2025-09-15 10:20:21,316 botocore.auth [DEBUG] StringToSign:
[2025-09-15T10:20:21.350+0000] {process_utils.py:194} INFO - AWS4-HMAC-SHA256
[2025-09-15T10:20:21.350+0000] {process_utils.py:194} INFO - 20250915T102021Z
[2025-09-15T10:20:21.350+0000] {process_utils.py:194} INFO - 20250915/ru-central1/s3/aws4_request
[2025-09-15T10:20:21.350+0000] {process_utils.py:194} INFO - a225e8e20e8a5df0fa1157d5111be43ba38157fa12212ca5debc0bb888bc9cc7
[2025-09-15T10:20:21.350+0000] {process_utils.py:194} INFO - 2025-09-15 10:20:21,317 botocore.auth [DEBUG] Signature:
[2025-09-15T10:20:21.351+0000] {process_utils.py:194} INFO - 86c3b0fbdb65d7ceaf97affea40ec72e95c48f9f17fbb4e2d1f5b36acd907438
[2025-09-15T10:20:21.351+0000] {process_utils.py:194} INFO - 2025-09-15 10:20:21,317 botocore.hooks [DEBUG] Event request-created.s3.GetObject: calling handler <bound method UserAgentString.rebuild_and_replace_user_agent_handler of <botocore.useragent.UserAgentString object at 0x7f08953a2020>>
[2025-09-15T10:20:21.351+0000] {process_utils.py:194} INFO - 2025-09-15 10:20:21,317 botocore.hooks [DEBUG] Event request-created.s3.GetObject: calling handler <function signal_transferring at 0x7f0895440310>
[2025-09-15T10:20:21.351+0000] {process_utils.py:194} INFO - 2025-09-15 10:20:21,317 botocore.hooks [DEBUG] Event request-created.s3.GetObject: calling handler <function add_retry_headers at 0x7f08d672d990>
[2025-09-15T10:20:21.352+0000] {process_utils.py:194} INFO - 2025-09-15 10:20:21,317 botocore.endpoint [DEBUG] Sending http request: <AWSPreparedRequest stream_output=True, method=GET, url=https://storage.yandexcloud.net/app-kont-b1g0t8k8lmil0f9nu7b5b1gq24p6fvh9njeim173/KONT.tar.gz, headers={'Range': b'bytes=16777216-25165823', 'If-Match': b'"4b89aa9305fe90128e553ba26e82f152"', 'x-amz-checksum-mode': b'ENABLED', 'User-Agent': b'Boto3/1.40.30 md/Botocore#1.40.30 ua/2.1 os/linux#5.4.0-216-generic md/arch#x86_64 lang/python#3.10.16 md/pyimpl#CPython m/N,Z,e,b,D,G cfg/retry-mode#legacy Botocore/1.40.30', 'X-Amz-Date': b'20250915T102021Z', 'X-Amz-Content-SHA256': b'e3b0c44298fc1c149afbf4c8996fb92427ae41e4649b934ca495991b7852b855', 'Authorization': b'AWS4-HMAC-SHA256 Credential=YCAJEBUGJwhYiYbMTCWzEUai4/20250915/ru-central1/s3/aws4_request, SignedHeaders=host;if-match;range;x-amz-checksum-mode;x-amz-content-sha256;x-amz-date, Signature=86c3b0fbdb65d7ceaf97affea40ec72e95c48f9f17fbb4e2d1f5b36acd907438', 'amz-sdk-invocation-id': b'd2447173-13b5-4801-8afc-031e0844ac92', 'amz-sdk-request': b'attempt=1'}>
[2025-09-15T10:20:21.352+0000] {process_utils.py:194} INFO - 2025-09-15 10:20:21,317 botocore.httpsession [DEBUG] Certificate path: /tmp/venvar3r5flu/lib/python3.10/site-packages/botocore/cacert.pem
[2025-09-15T10:20:21.353+0000] {process_utils.py:194} INFO - 2025-09-15 10:20:21,318 botocore.hooks [DEBUG] Event before-parameter-build.s3.GetObject: calling handler <function sse_md5 at 0x7f08d670fb50>
[2025-09-15T10:20:21.353+0000] {process_utils.py:194} INFO - 2025-09-15 10:20:21,318 botocore.hooks [DEBUG] Event before-parameter-build.s3.GetObject: calling handler <function validate_bucket_name at 0x7f08d670fac0>
[2025-09-15T10:20:21.353+0000] {process_utils.py:194} INFO - 2025-09-15 10:20:21,318 botocore.hooks [DEBUG] Event before-parameter-build.s3.GetObject: calling handler <function remove_bucket_from_url_paths_from_model at 0x7f08d672da20>
[2025-09-15T10:20:21.353+0000] {process_utils.py:194} INFO - 2025-09-15 10:20:21,318 botocore.hooks [DEBUG] Event before-parameter-build.s3.GetObject: calling handler <bound method S3RegionRedirectorv2.annotate_request_context of <botocore.utils.S3RegionRedirectorv2 object at 0x7f08953a0190>>
[2025-09-15T10:20:21.354+0000] {process_utils.py:194} INFO - 2025-09-15 10:20:21,318 botocore.hooks [DEBUG] Event before-parameter-build.s3.GetObject: calling handler <bound method ClientCreator._inject_s3_input_parameters of <botocore.client.ClientCreator object at 0x7f0895f75de0>>
[2025-09-15T10:20:21.354+0000] {process_utils.py:194} INFO - 2025-09-15 10:20:21,319 botocore.hooks [DEBUG] Event before-parameter-build.s3.GetObject: calling handler <function generate_idempotent_uuid at 0x7f08d670f910>
[2025-09-15T10:20:21.354+0000] {process_utils.py:194} INFO - 2025-09-15 10:20:21,319 botocore.hooks [DEBUG] Event before-parameter-build.s3.GetObject: calling handler <function _handle_request_validation_mode_member at 0x7f08d672e050>
[2025-09-15T10:20:21.355+0000] {process_utils.py:194} INFO - 2025-09-15 10:20:21,319 botocore.hooks [DEBUG] Event before-endpoint-resolution.s3: calling handler <function customize_endpoint_resolver_builtins at 0x7f08d672dbd0>
[2025-09-15T10:20:21.355+0000] {process_utils.py:194} INFO - 2025-09-15 10:20:21,319 botocore.hooks [DEBUG] Event before-endpoint-resolution.s3: calling handler <bound method S3RegionRedirectorv2.redirect_from_cache of <botocore.utils.S3RegionRedirectorv2 object at 0x7f08953a0190>>
[2025-09-15T10:20:21.356+0000] {process_utils.py:194} INFO - 2025-09-15 10:20:21,319 botocore.regions [DEBUG] Calling endpoint provider with parameters: {'Bucket': 'app-kont-b1g0t8k8lmil0f9nu7b5b1gq24p6fvh9njeim173', 'Region': 'ru-central1', 'UseFIPS': False, 'UseDualStack': False, 'Endpoint': 'https://storage.yandexcloud.net', 'ForcePathStyle': True, 'Accelerate': False, 'UseGlobalEndpoint': False, 'Key': 'KONT.tar.gz', 'DisableMultiRegionAccessPoints': False, 'UseArnRegion': True}
[2025-09-15T10:20:21.356+0000] {process_utils.py:194} INFO - 2025-09-15 10:20:21,319 botocore.regions [DEBUG] Endpoint provider result: https://storage.yandexcloud.net/app-kont-b1g0t8k8lmil0f9nu7b5b1gq24p6fvh9njeim173
[2025-09-15T10:20:21.356+0000] {process_utils.py:194} INFO - 2025-09-15 10:20:21,319 botocore.regions [DEBUG] Selecting from endpoint provider's list of auth schemes: "sigv4". User selected auth scheme is: "None"
[2025-09-15T10:20:21.356+0000] {process_utils.py:194} INFO - 2025-09-15 10:20:21,319 botocore.regions [DEBUG] Selected auth type "v4" as "v4" with signing context params: {'region': 'ru-central1', 'signing_name': 's3', 'disableDoubleEncoding': True}
[2025-09-15T10:20:21.356+0000] {process_utils.py:194} INFO - 2025-09-15 10:20:21,320 botocore.hooks [DEBUG] Event before-call.s3.GetObject: calling handler <function add_expect_header at 0x7f08d670fe20>
[2025-09-15T10:20:21.357+0000] {process_utils.py:194} INFO - 2025-09-15 10:20:21,320 botocore.hooks [DEBUG] Event before-call.s3.GetObject: calling handler <bound method S3ExpressIdentityResolver.apply_signing_cache_key of <botocore.utils.S3ExpressIdentityResolver object at 0x7f08953a01f0>>
[2025-09-15T10:20:21.357+0000] {process_utils.py:194} INFO - 2025-09-15 10:20:21,320 botocore.hooks [DEBUG] Event before-call.s3.GetObject: calling handler <function add_recursion_detection_header at 0x7f08d670f490>
[2025-09-15T10:20:21.357+0000] {process_utils.py:194} INFO - 2025-09-15 10:20:21,320 botocore.hooks [DEBUG] Event before-call.s3.GetObject: calling handler <function inject_api_version_header_if_needed at 0x7f08d672d1b0>
[2025-09-15T10:20:21.358+0000] {process_utils.py:194} INFO - 2025-09-15 10:20:21,320 botocore.endpoint [DEBUG] Making request for OperationModel(name=GetObject) with params: {'url_path': '/KONT.tar.gz', 'query_string': {}, 'method': 'GET', 'headers': {'Range': 'bytes=25165824-33554431', 'If-Match': '"4b89aa9305fe90128e553ba26e82f152"', 'x-amz-checksum-mode': 'ENABLED', 'User-Agent': 'Boto3/1.40.30 md/Botocore#1.40.30 ua/2.1 os/linux#5.4.0-216-generic md/arch#x86_64 lang/python#3.10.16 md/pyimpl#CPython m/N,Z,e,b,D,G cfg/retry-mode#legacy Botocore/1.40.30'}, 'body': b'', 'auth_path': '/app-kont-b1g0t8k8lmil0f9nu7b5b1gq24p6fvh9njeim173/KONT.tar.gz', 'url': 'https://storage.yandexcloud.net/app-kont-b1g0t8k8lmil0f9nu7b5b1gq24p6fvh9njeim173/KONT.tar.gz', 'context': {'client_region': 'ru-central1', 'client_config': <botocore.config.Config object at 0x7f08953dc640>, 'has_streaming_input': False, 'auth_type': 'v4', 'unsigned_payload': None, 'auth_options': ['aws.auth#sigv4'], 's3_redirect': {'redirected': False, 'bucket': 'app-kont-b1g0t8k8lmil0f9nu7b5b1gq24p6fvh9njeim173', 'params': {'Bucket': 'app-kont-b1g0t8k8lmil0f9nu7b5b1gq24p6fvh9njeim173', 'Key': 'KONT.tar.gz', 'Range': 'bytes=25165824-33554431', 'IfMatch': '"4b89aa9305fe90128e553ba26e82f152"', 'ChecksumMode': 'ENABLED'}}, 'input_params': {'Bucket': 'app-kont-b1g0t8k8lmil0f9nu7b5b1gq24p6fvh9njeim173', 'Key': 'KONT.tar.gz'}, 'signing': {'region': 'ru-central1', 'signing_name': 's3', 'disableDoubleEncoding': True}, 'endpoint_properties': {'authSchemes': [{'disableDoubleEncoding': True, 'name': 'sigv4', 'signingName': 's3', 'signingRegion': 'ru-central1'}]}, 'checksum': {'response_algorithms': ['crc32', 'sha1', 'sha256']}}}
[2025-09-15T10:20:21.359+0000] {process_utils.py:194} INFO - 2025-09-15 10:20:21,320 botocore.hooks [DEBUG] Event request-created.s3.GetObject: calling handler <function signal_not_transferring at 0x7f0895440280>
[2025-09-15T10:20:21.359+0000] {process_utils.py:194} INFO - 2025-09-15 10:20:21,320 botocore.hooks [DEBUG] Event request-created.s3.GetObject: calling handler <bound method RequestSigner.handler of <botocore.signers.RequestSigner object at 0x7f08953dc5b0>>
[2025-09-15T10:20:21.360+0000] {process_utils.py:194} INFO - 2025-09-15 10:20:21,321 botocore.hooks [DEBUG] Event choose-signer.s3.GetObject: calling handler <function set_operation_specific_signer at 0x7f08d670f6d0>
[2025-09-15T10:20:21.360+0000] {process_utils.py:194} INFO - 2025-09-15 10:20:21,321 botocore.hooks [DEBUG] Event before-sign.s3.GetObject: calling handler <function remove_arn_from_signing_path at 0x7f08d672db40>
[2025-09-15T10:20:21.360+0000] {process_utils.py:194} INFO - 2025-09-15 10:20:21,321 botocore.hooks [DEBUG] Event before-sign.s3.GetObject: calling handler <function _set_extra_headers_for_unsigned_request at 0x7f08d672e0e0>
[2025-09-15T10:20:21.361+0000] {process_utils.py:194} INFO - 2025-09-15 10:20:21,321 botocore.hooks [DEBUG] Event before-sign.s3.GetObject: calling handler <bound method S3ExpressIdentityResolver.resolve_s3express_identity of <botocore.utils.S3ExpressIdentityResolver object at 0x7f08953a01f0>>
[2025-09-15T10:20:21.361+0000] {process_utils.py:194} INFO - 2025-09-15 10:20:21,321 botocore.auth [DEBUG] Calculating signature using v4 auth.
[2025-09-15T10:20:21.361+0000] {process_utils.py:194} INFO - 2025-09-15 10:20:21,321 botocore.auth [DEBUG] CanonicalRequest:
[2025-09-15T10:20:21.361+0000] {process_utils.py:194} INFO - GET
[2025-09-15T10:20:21.362+0000] {process_utils.py:194} INFO - /app-kont-b1g0t8k8lmil0f9nu7b5b1gq24p6fvh9njeim173/KONT.tar.gz
[2025-09-15T10:20:21.362+0000] {process_utils.py:194} INFO - 
[2025-09-15T10:20:21.362+0000] {process_utils.py:194} INFO - host:storage.yandexcloud.net
[2025-09-15T10:20:21.362+0000] {process_utils.py:194} INFO - if-match:"4b89aa9305fe90128e553ba26e82f152"
[2025-09-15T10:20:21.363+0000] {process_utils.py:194} INFO - range:bytes=25165824-33554431
[2025-09-15T10:20:21.363+0000] {process_utils.py:194} INFO - x-amz-checksum-mode:ENABLED
[2025-09-15T10:20:21.363+0000] {process_utils.py:194} INFO - x-amz-content-sha256:e3b0c44298fc1c149afbf4c8996fb92427ae41e4649b934ca495991b7852b855
[2025-09-15T10:20:21.363+0000] {process_utils.py:194} INFO - x-amz-date:20250915T102021Z
[2025-09-15T10:20:21.364+0000] {process_utils.py:194} INFO - 
[2025-09-15T10:20:21.364+0000] {process_utils.py:194} INFO - host;if-match;range;x-amz-checksum-mode;x-amz-content-sha256;x-amz-date
[2025-09-15T10:20:21.364+0000] {process_utils.py:194} INFO - e3b0c44298fc1c149afbf4c8996fb92427ae41e4649b934ca495991b7852b855
[2025-09-15T10:20:21.364+0000] {process_utils.py:194} INFO - 2025-09-15 10:20:21,321 botocore.auth [DEBUG] StringToSign:
[2025-09-15T10:20:21.365+0000] {process_utils.py:194} INFO - AWS4-HMAC-SHA256
[2025-09-15T10:20:21.365+0000] {process_utils.py:194} INFO - 20250915T102021Z
[2025-09-15T10:20:21.365+0000] {process_utils.py:194} INFO - 20250915/ru-central1/s3/aws4_request
[2025-09-15T10:20:21.365+0000] {process_utils.py:194} INFO - 85ef6e2c9418bca26c33cf5e99fc12881a794d672604c74ac47dc559e9f6281b
[2025-09-15T10:20:21.366+0000] {process_utils.py:194} INFO - 2025-09-15 10:20:21,322 botocore.auth [DEBUG] Signature:
[2025-09-15T10:20:21.366+0000] {process_utils.py:194} INFO - 34f599374753396ab34e169c14f8be77095521363ecbf0a4ad8393f4b7d8c1a9
[2025-09-15T10:20:21.367+0000] {process_utils.py:194} INFO - 2025-09-15 10:20:21,322 botocore.hooks [DEBUG] Event request-created.s3.GetObject: calling handler <bound method UserAgentString.rebuild_and_replace_user_agent_handler of <botocore.useragent.UserAgentString object at 0x7f08953a2020>>
[2025-09-15T10:20:21.367+0000] {process_utils.py:194} INFO - 2025-09-15 10:20:21,322 botocore.hooks [DEBUG] Event request-created.s3.GetObject: calling handler <function signal_transferring at 0x7f0895440310>
[2025-09-15T10:20:21.367+0000] {process_utils.py:194} INFO - 2025-09-15 10:20:21,322 botocore.hooks [DEBUG] Event request-created.s3.GetObject: calling handler <function add_retry_headers at 0x7f08d672d990>
[2025-09-15T10:20:21.368+0000] {process_utils.py:194} INFO - 2025-09-15 10:20:21,322 botocore.endpoint [DEBUG] Sending http request: <AWSPreparedRequest stream_output=True, method=GET, url=https://storage.yandexcloud.net/app-kont-b1g0t8k8lmil0f9nu7b5b1gq24p6fvh9njeim173/KONT.tar.gz, headers={'Range': b'bytes=25165824-33554431', 'If-Match': b'"4b89aa9305fe90128e553ba26e82f152"', 'x-amz-checksum-mode': b'ENABLED', 'User-Agent': b'Boto3/1.40.30 md/Botocore#1.40.30 ua/2.1 os/linux#5.4.0-216-generic md/arch#x86_64 lang/python#3.10.16 md/pyimpl#CPython m/N,Z,e,b,D,G cfg/retry-mode#legacy Botocore/1.40.30', 'X-Amz-Date': b'20250915T102021Z', 'X-Amz-Content-SHA256': b'e3b0c44298fc1c149afbf4c8996fb92427ae41e4649b934ca495991b7852b855', 'Authorization': b'AWS4-HMAC-SHA256 Credential=YCAJEBUGJwhYiYbMTCWzEUai4/20250915/ru-central1/s3/aws4_request, SignedHeaders=host;if-match;range;x-amz-checksum-mode;x-amz-content-sha256;x-amz-date, Signature=34f599374753396ab34e169c14f8be77095521363ecbf0a4ad8393f4b7d8c1a9', 'amz-sdk-invocation-id': b'9bcaeb99-9f49-451b-8176-a6cc73e59751', 'amz-sdk-request': b'attempt=1'}>
[2025-09-15T10:20:21.368+0000] {process_utils.py:194} INFO - 2025-09-15 10:20:21,322 botocore.httpsession [DEBUG] Certificate path: /tmp/venvar3r5flu/lib/python3.10/site-packages/botocore/cacert.pem
[2025-09-15T10:20:21.369+0000] {process_utils.py:194} INFO - 2025-09-15 10:20:21,323 botocore.hooks [DEBUG] Event before-parameter-build.s3.GetObject: calling handler <function sse_md5 at 0x7f08d670fb50>
[2025-09-15T10:20:21.369+0000] {process_utils.py:194} INFO - 2025-09-15 10:20:21,323 botocore.hooks [DEBUG] Event before-parameter-build.s3.GetObject: calling handler <function validate_bucket_name at 0x7f08d670fac0>
[2025-09-15T10:20:21.369+0000] {process_utils.py:194} INFO - 2025-09-15 10:20:21,323 botocore.hooks [DEBUG] Event before-parameter-build.s3.GetObject: calling handler <function remove_bucket_from_url_paths_from_model at 0x7f08d672da20>
[2025-09-15T10:20:21.369+0000] {process_utils.py:194} INFO - 2025-09-15 10:20:21,323 botocore.hooks [DEBUG] Event before-parameter-build.s3.GetObject: calling handler <bound method S3RegionRedirectorv2.annotate_request_context of <botocore.utils.S3RegionRedirectorv2 object at 0x7f08953a0190>>
[2025-09-15T10:20:21.370+0000] {process_utils.py:194} INFO - 2025-09-15 10:20:21,323 botocore.hooks [DEBUG] Event before-parameter-build.s3.GetObject: calling handler <bound method ClientCreator._inject_s3_input_parameters of <botocore.client.ClientCreator object at 0x7f0895f75de0>>
[2025-09-15T10:20:21.370+0000] {process_utils.py:194} INFO - 2025-09-15 10:20:21,323 botocore.hooks [DEBUG] Event before-parameter-build.s3.GetObject: calling handler <function generate_idempotent_uuid at 0x7f08d670f910>
[2025-09-15T10:20:21.370+0000] {process_utils.py:194} INFO - 2025-09-15 10:20:21,323 botocore.hooks [DEBUG] Event before-parameter-build.s3.GetObject: calling handler <function _handle_request_validation_mode_member at 0x7f08d672e050>
[2025-09-15T10:20:21.371+0000] {process_utils.py:194} INFO - 2025-09-15 10:20:21,323 botocore.hooks [DEBUG] Event before-endpoint-resolution.s3: calling handler <function customize_endpoint_resolver_builtins at 0x7f08d672dbd0>
[2025-09-15T10:20:21.371+0000] {process_utils.py:194} INFO - 2025-09-15 10:20:21,324 botocore.hooks [DEBUG] Event before-endpoint-resolution.s3: calling handler <bound method S3RegionRedirectorv2.redirect_from_cache of <botocore.utils.S3RegionRedirectorv2 object at 0x7f08953a0190>>
[2025-09-15T10:20:21.372+0000] {process_utils.py:194} INFO - 2025-09-15 10:20:21,324 botocore.regions [DEBUG] Calling endpoint provider with parameters: {'Bucket': 'app-kont-b1g0t8k8lmil0f9nu7b5b1gq24p6fvh9njeim173', 'Region': 'ru-central1', 'UseFIPS': False, 'UseDualStack': False, 'Endpoint': 'https://storage.yandexcloud.net', 'ForcePathStyle': True, 'Accelerate': False, 'UseGlobalEndpoint': False, 'Key': 'KONT.tar.gz', 'DisableMultiRegionAccessPoints': False, 'UseArnRegion': True}
[2025-09-15T10:20:21.372+0000] {process_utils.py:194} INFO - 2025-09-15 10:20:21,324 botocore.regions [DEBUG] Endpoint provider result: https://storage.yandexcloud.net/app-kont-b1g0t8k8lmil0f9nu7b5b1gq24p6fvh9njeim173
[2025-09-15T10:20:21.372+0000] {process_utils.py:194} INFO - 2025-09-15 10:20:21,324 botocore.regions [DEBUG] Selecting from endpoint provider's list of auth schemes: "sigv4". User selected auth scheme is: "None"
[2025-09-15T10:20:21.373+0000] {process_utils.py:194} INFO - 2025-09-15 10:20:21,324 botocore.regions [DEBUG] Selected auth type "v4" as "v4" with signing context params: {'region': 'ru-central1', 'signing_name': 's3', 'disableDoubleEncoding': True}
[2025-09-15T10:20:21.373+0000] {process_utils.py:194} INFO - 2025-09-15 10:20:21,324 botocore.hooks [DEBUG] Event before-call.s3.GetObject: calling handler <function add_expect_header at 0x7f08d670fe20>
[2025-09-15T10:20:21.373+0000] {process_utils.py:194} INFO - 2025-09-15 10:20:21,324 botocore.hooks [DEBUG] Event before-call.s3.GetObject: calling handler <bound method S3ExpressIdentityResolver.apply_signing_cache_key of <botocore.utils.S3ExpressIdentityResolver object at 0x7f08953a01f0>>
[2025-09-15T10:20:21.374+0000] {process_utils.py:194} INFO - 2025-09-15 10:20:21,324 botocore.hooks [DEBUG] Event before-call.s3.GetObject: calling handler <function add_recursion_detection_header at 0x7f08d670f490>
[2025-09-15T10:20:21.374+0000] {process_utils.py:194} INFO - 2025-09-15 10:20:21,324 botocore.hooks [DEBUG] Event before-call.s3.GetObject: calling handler <function inject_api_version_header_if_needed at 0x7f08d672d1b0>
[2025-09-15T10:20:21.376+0000] {process_utils.py:194} INFO - 2025-09-15 10:20:21,324 botocore.endpoint [DEBUG] Making request for OperationModel(name=GetObject) with params: {'url_path': '/KONT.tar.gz', 'query_string': {}, 'method': 'GET', 'headers': {'Range': 'bytes=33554432-41943039', 'If-Match': '"4b89aa9305fe90128e553ba26e82f152"', 'x-amz-checksum-mode': 'ENABLED', 'User-Agent': 'Boto3/1.40.30 md/Botocore#1.40.30 ua/2.1 os/linux#5.4.0-216-generic md/arch#x86_64 lang/python#3.10.16 md/pyimpl#CPython m/N,Z,e,b,D,G cfg/retry-mode#legacy Botocore/1.40.30'}, 'body': b'', 'auth_path': '/app-kont-b1g0t8k8lmil0f9nu7b5b1gq24p6fvh9njeim173/KONT.tar.gz', 'url': 'https://storage.yandexcloud.net/app-kont-b1g0t8k8lmil0f9nu7b5b1gq24p6fvh9njeim173/KONT.tar.gz', 'context': {'client_region': 'ru-central1', 'client_config': <botocore.config.Config object at 0x7f08953dc640>, 'has_streaming_input': False, 'auth_type': 'v4', 'unsigned_payload': None, 'auth_options': ['aws.auth#sigv4'], 's3_redirect': {'redirected': False, 'bucket': 'app-kont-b1g0t8k8lmil0f9nu7b5b1gq24p6fvh9njeim173', 'params': {'Bucket': 'app-kont-b1g0t8k8lmil0f9nu7b5b1gq24p6fvh9njeim173', 'Key': 'KONT.tar.gz', 'Range': 'bytes=33554432-41943039', 'IfMatch': '"4b89aa9305fe90128e553ba26e82f152"', 'ChecksumMode': 'ENABLED'}}, 'input_params': {'Bucket': 'app-kont-b1g0t8k8lmil0f9nu7b5b1gq24p6fvh9njeim173', 'Key': 'KONT.tar.gz'}, 'signing': {'region': 'ru-central1', 'signing_name': 's3', 'disableDoubleEncoding': True}, 'endpoint_properties': {'authSchemes': [{'disableDoubleEncoding': True, 'name': 'sigv4', 'signingName': 's3', 'signingRegion': 'ru-central1'}]}, 'checksum': {'response_algorithms': ['crc32', 'sha1', 'sha256']}}}
[2025-09-15T10:20:21.376+0000] {process_utils.py:194} INFO - 2025-09-15 10:20:21,324 botocore.hooks [DEBUG] Event request-created.s3.GetObject: calling handler <function signal_not_transferring at 0x7f0895440280>
[2025-09-15T10:20:21.377+0000] {process_utils.py:194} INFO - 2025-09-15 10:20:21,325 botocore.hooks [DEBUG] Event request-created.s3.GetObject: calling handler <bound method RequestSigner.handler of <botocore.signers.RequestSigner object at 0x7f08953dc5b0>>
[2025-09-15T10:20:21.377+0000] {process_utils.py:194} INFO - 2025-09-15 10:20:21,325 botocore.hooks [DEBUG] Event choose-signer.s3.GetObject: calling handler <function set_operation_specific_signer at 0x7f08d670f6d0>
[2025-09-15T10:20:21.377+0000] {process_utils.py:194} INFO - 2025-09-15 10:20:21,325 botocore.hooks [DEBUG] Event before-sign.s3.GetObject: calling handler <function remove_arn_from_signing_path at 0x7f08d672db40>
[2025-09-15T10:20:21.378+0000] {process_utils.py:194} INFO - 2025-09-15 10:20:21,325 botocore.hooks [DEBUG] Event before-sign.s3.GetObject: calling handler <function _set_extra_headers_for_unsigned_request at 0x7f08d672e0e0>
[2025-09-15T10:20:21.378+0000] {process_utils.py:194} INFO - 2025-09-15 10:20:21,325 botocore.hooks [DEBUG] Event before-sign.s3.GetObject: calling handler <bound method S3ExpressIdentityResolver.resolve_s3express_identity of <botocore.utils.S3ExpressIdentityResolver object at 0x7f08953a01f0>>
[2025-09-15T10:20:21.378+0000] {process_utils.py:194} INFO - 2025-09-15 10:20:21,325 botocore.auth [DEBUG] Calculating signature using v4 auth.
[2025-09-15T10:20:21.378+0000] {process_utils.py:194} INFO - 2025-09-15 10:20:21,325 botocore.auth [DEBUG] CanonicalRequest:
[2025-09-15T10:20:21.379+0000] {process_utils.py:194} INFO - GET
[2025-09-15T10:20:21.379+0000] {process_utils.py:194} INFO - /app-kont-b1g0t8k8lmil0f9nu7b5b1gq24p6fvh9njeim173/KONT.tar.gz
[2025-09-15T10:20:21.379+0000] {process_utils.py:194} INFO - 
[2025-09-15T10:20:21.379+0000] {process_utils.py:194} INFO - host:storage.yandexcloud.net
[2025-09-15T10:20:21.379+0000] {process_utils.py:194} INFO - if-match:"4b89aa9305fe90128e553ba26e82f152"
[2025-09-15T10:20:21.380+0000] {process_utils.py:194} INFO - range:bytes=33554432-41943039
[2025-09-15T10:20:21.380+0000] {process_utils.py:194} INFO - x-amz-checksum-mode:ENABLED
[2025-09-15T10:20:21.380+0000] {process_utils.py:194} INFO - x-amz-content-sha256:e3b0c44298fc1c149afbf4c8996fb92427ae41e4649b934ca495991b7852b855
[2025-09-15T10:20:21.380+0000] {process_utils.py:194} INFO - x-amz-date:20250915T102021Z
[2025-09-15T10:20:21.380+0000] {process_utils.py:194} INFO - 
[2025-09-15T10:20:21.381+0000] {process_utils.py:194} INFO - host;if-match;range;x-amz-checksum-mode;x-amz-content-sha256;x-amz-date
[2025-09-15T10:20:21.381+0000] {process_utils.py:194} INFO - e3b0c44298fc1c149afbf4c8996fb92427ae41e4649b934ca495991b7852b855
[2025-09-15T10:20:21.381+0000] {process_utils.py:194} INFO - 2025-09-15 10:20:21,325 botocore.auth [DEBUG] StringToSign:
[2025-09-15T10:20:21.381+0000] {process_utils.py:194} INFO - AWS4-HMAC-SHA256
[2025-09-15T10:20:21.382+0000] {process_utils.py:194} INFO - 20250915T102021Z
[2025-09-15T10:20:21.382+0000] {process_utils.py:194} INFO - 20250915/ru-central1/s3/aws4_request
[2025-09-15T10:20:21.382+0000] {process_utils.py:194} INFO - 6a87eb7f2e17ebf5b6126b29a2692b8b9bc44f0d3e0812cd40fce9a192080a71
[2025-09-15T10:20:21.383+0000] {process_utils.py:194} INFO - 2025-09-15 10:20:21,325 botocore.auth [DEBUG] Signature:
[2025-09-15T10:20:21.383+0000] {process_utils.py:194} INFO - d00186fe735ee1fd07579467194b2d7619e96dea3e42f6e2005dc827f945613d
[2025-09-15T10:20:21.383+0000] {process_utils.py:194} INFO - 2025-09-15 10:20:21,325 botocore.hooks [DEBUG] Event request-created.s3.GetObject: calling handler <bound method UserAgentString.rebuild_and_replace_user_agent_handler of <botocore.useragent.UserAgentString object at 0x7f08953a2020>>
[2025-09-15T10:20:21.383+0000] {process_utils.py:194} INFO - 2025-09-15 10:20:21,325 botocore.hooks [DEBUG] Event request-created.s3.GetObject: calling handler <function signal_transferring at 0x7f0895440310>
[2025-09-15T10:20:21.384+0000] {process_utils.py:194} INFO - 2025-09-15 10:20:21,325 botocore.hooks [DEBUG] Event request-created.s3.GetObject: calling handler <function add_retry_headers at 0x7f08d672d990>
[2025-09-15T10:20:21.385+0000] {process_utils.py:194} INFO - 2025-09-15 10:20:21,326 botocore.endpoint [DEBUG] Sending http request: <AWSPreparedRequest stream_output=True, method=GET, url=https://storage.yandexcloud.net/app-kont-b1g0t8k8lmil0f9nu7b5b1gq24p6fvh9njeim173/KONT.tar.gz, headers={'Range': b'bytes=33554432-41943039', 'If-Match': b'"4b89aa9305fe90128e553ba26e82f152"', 'x-amz-checksum-mode': b'ENABLED', 'User-Agent': b'Boto3/1.40.30 md/Botocore#1.40.30 ua/2.1 os/linux#5.4.0-216-generic md/arch#x86_64 lang/python#3.10.16 md/pyimpl#CPython m/N,Z,e,b,D,G cfg/retry-mode#legacy Botocore/1.40.30', 'X-Amz-Date': b'20250915T102021Z', 'X-Amz-Content-SHA256': b'e3b0c44298fc1c149afbf4c8996fb92427ae41e4649b934ca495991b7852b855', 'Authorization': b'AWS4-HMAC-SHA256 Credential=YCAJEBUGJwhYiYbMTCWzEUai4/20250915/ru-central1/s3/aws4_request, SignedHeaders=host;if-match;range;x-amz-checksum-mode;x-amz-content-sha256;x-amz-date, Signature=d00186fe735ee1fd07579467194b2d7619e96dea3e42f6e2005dc827f945613d', 'amz-sdk-invocation-id': b'2c88f087-6185-4e91-977b-bdf65e3d43a5', 'amz-sdk-request': b'attempt=1'}>
[2025-09-15T10:20:21.385+0000] {process_utils.py:194} INFO - 2025-09-15 10:20:21,326 botocore.httpsession [DEBUG] Certificate path: /tmp/venvar3r5flu/lib/python3.10/site-packages/botocore/cacert.pem
[2025-09-15T10:20:21.385+0000] {process_utils.py:194} INFO - 2025-09-15 10:20:21,327 botocore.hooks [DEBUG] Event before-parameter-build.s3.GetObject: calling handler <function sse_md5 at 0x7f08d670fb50>
[2025-09-15T10:20:21.386+0000] {process_utils.py:194} INFO - 2025-09-15 10:20:21,328 botocore.hooks [DEBUG] Event before-parameter-build.s3.GetObject: calling handler <function validate_bucket_name at 0x7f08d670fac0>
[2025-09-15T10:20:21.387+0000] {process_utils.py:194} INFO - 2025-09-15 10:20:21,328 botocore.hooks [DEBUG] Event before-parameter-build.s3.GetObject: calling handler <function remove_bucket_from_url_paths_from_model at 0x7f08d672da20>
[2025-09-15T10:20:21.387+0000] {process_utils.py:194} INFO - 2025-09-15 10:20:21,328 botocore.hooks [DEBUG] Event before-parameter-build.s3.GetObject: calling handler <bound method S3RegionRedirectorv2.annotate_request_context of <botocore.utils.S3RegionRedirectorv2 object at 0x7f08953a0190>>
[2025-09-15T10:20:21.388+0000] {process_utils.py:194} INFO - 2025-09-15 10:20:21,328 botocore.hooks [DEBUG] Event before-parameter-build.s3.GetObject: calling handler <bound method ClientCreator._inject_s3_input_parameters of <botocore.client.ClientCreator object at 0x7f0895f75de0>>
[2025-09-15T10:20:21.388+0000] {process_utils.py:194} INFO - 2025-09-15 10:20:21,328 botocore.hooks [DEBUG] Event before-parameter-build.s3.GetObject: calling handler <function generate_idempotent_uuid at 0x7f08d670f910>
[2025-09-15T10:20:21.388+0000] {process_utils.py:194} INFO - 2025-09-15 10:20:21,328 botocore.hooks [DEBUG] Event before-parameter-build.s3.GetObject: calling handler <function _handle_request_validation_mode_member at 0x7f08d672e050>
[2025-09-15T10:20:21.389+0000] {process_utils.py:194} INFO - 2025-09-15 10:20:21,328 botocore.hooks [DEBUG] Event before-endpoint-resolution.s3: calling handler <function customize_endpoint_resolver_builtins at 0x7f08d672dbd0>
[2025-09-15T10:20:21.389+0000] {process_utils.py:194} INFO - 2025-09-15 10:20:21,328 botocore.hooks [DEBUG] Event before-endpoint-resolution.s3: calling handler <bound method S3RegionRedirectorv2.redirect_from_cache of <botocore.utils.S3RegionRedirectorv2 object at 0x7f08953a0190>>
[2025-09-15T10:20:21.390+0000] {process_utils.py:194} INFO - 2025-09-15 10:20:21,328 botocore.regions [DEBUG] Calling endpoint provider with parameters: {'Bucket': 'app-kont-b1g0t8k8lmil0f9nu7b5b1gq24p6fvh9njeim173', 'Region': 'ru-central1', 'UseFIPS': False, 'UseDualStack': False, 'Endpoint': 'https://storage.yandexcloud.net', 'ForcePathStyle': True, 'Accelerate': False, 'UseGlobalEndpoint': False, 'Key': 'KONT.tar.gz', 'DisableMultiRegionAccessPoints': False, 'UseArnRegion': True}
[2025-09-15T10:20:21.390+0000] {process_utils.py:194} INFO - 2025-09-15 10:20:21,328 botocore.regions [DEBUG] Endpoint provider result: https://storage.yandexcloud.net/app-kont-b1g0t8k8lmil0f9nu7b5b1gq24p6fvh9njeim173
[2025-09-15T10:20:21.390+0000] {process_utils.py:194} INFO - 2025-09-15 10:20:21,328 botocore.regions [DEBUG] Selecting from endpoint provider's list of auth schemes: "sigv4". User selected auth scheme is: "None"
[2025-09-15T10:20:21.391+0000] {process_utils.py:194} INFO - 2025-09-15 10:20:21,328 botocore.regions [DEBUG] Selected auth type "v4" as "v4" with signing context params: {'region': 'ru-central1', 'signing_name': 's3', 'disableDoubleEncoding': True}
[2025-09-15T10:20:21.391+0000] {process_utils.py:194} INFO - 2025-09-15 10:20:21,329 botocore.hooks [DEBUG] Event before-call.s3.GetObject: calling handler <function add_expect_header at 0x7f08d670fe20>
[2025-09-15T10:20:21.391+0000] {process_utils.py:194} INFO - 2025-09-15 10:20:21,329 botocore.hooks [DEBUG] Event before-call.s3.GetObject: calling handler <bound method S3ExpressIdentityResolver.apply_signing_cache_key of <botocore.utils.S3ExpressIdentityResolver object at 0x7f08953a01f0>>
[2025-09-15T10:20:21.392+0000] {process_utils.py:194} INFO - 2025-09-15 10:20:21,329 botocore.hooks [DEBUG] Event before-call.s3.GetObject: calling handler <function add_recursion_detection_header at 0x7f08d670f490>
[2025-09-15T10:20:21.392+0000] {process_utils.py:194} INFO - 2025-09-15 10:20:21,329 botocore.hooks [DEBUG] Event before-call.s3.GetObject: calling handler <function inject_api_version_header_if_needed at 0x7f08d672d1b0>
[2025-09-15T10:20:21.394+0000] {process_utils.py:194} INFO - 2025-09-15 10:20:21,329 botocore.endpoint [DEBUG] Making request for OperationModel(name=GetObject) with params: {'url_path': '/KONT.tar.gz', 'query_string': {}, 'method': 'GET', 'headers': {'Range': 'bytes=41943040-50331647', 'If-Match': '"4b89aa9305fe90128e553ba26e82f152"', 'x-amz-checksum-mode': 'ENABLED', 'User-Agent': 'Boto3/1.40.30 md/Botocore#1.40.30 ua/2.1 os/linux#5.4.0-216-generic md/arch#x86_64 lang/python#3.10.16 md/pyimpl#CPython m/N,Z,e,b,D,G cfg/retry-mode#legacy Botocore/1.40.30'}, 'body': b'', 'auth_path': '/app-kont-b1g0t8k8lmil0f9nu7b5b1gq24p6fvh9njeim173/KONT.tar.gz', 'url': 'https://storage.yandexcloud.net/app-kont-b1g0t8k8lmil0f9nu7b5b1gq24p6fvh9njeim173/KONT.tar.gz', 'context': {'client_region': 'ru-central1', 'client_config': <botocore.config.Config object at 0x7f08953dc640>, 'has_streaming_input': False, 'auth_type': 'v4', 'unsigned_payload': None, 'auth_options': ['aws.auth#sigv4'], 's3_redirect': {'redirected': False, 'bucket': 'app-kont-b1g0t8k8lmil0f9nu7b5b1gq24p6fvh9njeim173', 'params': {'Bucket': 'app-kont-b1g0t8k8lmil0f9nu7b5b1gq24p6fvh9njeim173', 'Key': 'KONT.tar.gz', 'Range': 'bytes=41943040-50331647', 'IfMatch': '"4b89aa9305fe90128e553ba26e82f152"', 'ChecksumMode': 'ENABLED'}}, 'input_params': {'Bucket': 'app-kont-b1g0t8k8lmil0f9nu7b5b1gq24p6fvh9njeim173', 'Key': 'KONT.tar.gz'}, 'signing': {'region': 'ru-central1', 'signing_name': 's3', 'disableDoubleEncoding': True}, 'endpoint_properties': {'authSchemes': [{'disableDoubleEncoding': True, 'name': 'sigv4', 'signingName': 's3', 'signingRegion': 'ru-central1'}]}, 'checksum': {'response_algorithms': ['crc32', 'sha1', 'sha256']}}}
[2025-09-15T10:20:21.394+0000] {process_utils.py:194} INFO - 2025-09-15 10:20:21,329 botocore.hooks [DEBUG] Event request-created.s3.GetObject: calling handler <function signal_not_transferring at 0x7f0895440280>
[2025-09-15T10:20:21.394+0000] {process_utils.py:194} INFO - 2025-09-15 10:20:21,329 botocore.hooks [DEBUG] Event request-created.s3.GetObject: calling handler <bound method RequestSigner.handler of <botocore.signers.RequestSigner object at 0x7f08953dc5b0>>
[2025-09-15T10:20:21.395+0000] {process_utils.py:194} INFO - 2025-09-15 10:20:21,329 botocore.hooks [DEBUG] Event choose-signer.s3.GetObject: calling handler <function set_operation_specific_signer at 0x7f08d670f6d0>
[2025-09-15T10:20:21.395+0000] {process_utils.py:194} INFO - 2025-09-15 10:20:21,330 botocore.hooks [DEBUG] Event before-sign.s3.GetObject: calling handler <function remove_arn_from_signing_path at 0x7f08d672db40>
[2025-09-15T10:20:21.395+0000] {process_utils.py:194} INFO - 2025-09-15 10:20:21,330 botocore.hooks [DEBUG] Event before-sign.s3.GetObject: calling handler <function _set_extra_headers_for_unsigned_request at 0x7f08d672e0e0>
[2025-09-15T10:20:21.396+0000] {process_utils.py:194} INFO - 2025-09-15 10:20:21,330 botocore.hooks [DEBUG] Event before-sign.s3.GetObject: calling handler <bound method S3ExpressIdentityResolver.resolve_s3express_identity of <botocore.utils.S3ExpressIdentityResolver object at 0x7f08953a01f0>>
[2025-09-15T10:20:21.396+0000] {process_utils.py:194} INFO - 2025-09-15 10:20:21,330 botocore.auth [DEBUG] Calculating signature using v4 auth.
[2025-09-15T10:20:21.396+0000] {process_utils.py:194} INFO - 2025-09-15 10:20:21,330 botocore.auth [DEBUG] CanonicalRequest:
[2025-09-15T10:20:21.396+0000] {process_utils.py:194} INFO - GET
[2025-09-15T10:20:21.397+0000] {process_utils.py:194} INFO - /app-kont-b1g0t8k8lmil0f9nu7b5b1gq24p6fvh9njeim173/KONT.tar.gz
[2025-09-15T10:20:21.397+0000] {process_utils.py:194} INFO - 
[2025-09-15T10:20:21.397+0000] {process_utils.py:194} INFO - host:storage.yandexcloud.net
[2025-09-15T10:20:21.397+0000] {process_utils.py:194} INFO - if-match:"4b89aa9305fe90128e553ba26e82f152"
[2025-09-15T10:20:21.397+0000] {process_utils.py:194} INFO - range:bytes=41943040-50331647
[2025-09-15T10:20:21.398+0000] {process_utils.py:194} INFO - x-amz-checksum-mode:ENABLED
[2025-09-15T10:20:21.398+0000] {process_utils.py:194} INFO - x-amz-content-sha256:e3b0c44298fc1c149afbf4c8996fb92427ae41e4649b934ca495991b7852b855
[2025-09-15T10:20:21.398+0000] {process_utils.py:194} INFO - x-amz-date:20250915T102021Z
[2025-09-15T10:20:21.398+0000] {process_utils.py:194} INFO - 
[2025-09-15T10:20:21.398+0000] {process_utils.py:194} INFO - host;if-match;range;x-amz-checksum-mode;x-amz-content-sha256;x-amz-date
[2025-09-15T10:20:21.399+0000] {process_utils.py:194} INFO - e3b0c44298fc1c149afbf4c8996fb92427ae41e4649b934ca495991b7852b855
[2025-09-15T10:20:21.399+0000] {process_utils.py:194} INFO - 2025-09-15 10:20:21,330 botocore.auth [DEBUG] StringToSign:
[2025-09-15T10:20:21.399+0000] {process_utils.py:194} INFO - AWS4-HMAC-SHA256
[2025-09-15T10:20:21.399+0000] {process_utils.py:194} INFO - 20250915T102021Z
[2025-09-15T10:20:21.399+0000] {process_utils.py:194} INFO - 20250915/ru-central1/s3/aws4_request
[2025-09-15T10:20:21.400+0000] {process_utils.py:194} INFO - 6c9282dc4ebfcd11fd64b471ab2e7e446975962b8d69411cb842296b58199504
[2025-09-15T10:20:21.400+0000] {process_utils.py:194} INFO - 2025-09-15 10:20:21,330 botocore.auth [DEBUG] Signature:
[2025-09-15T10:20:21.400+0000] {process_utils.py:194} INFO - 2aa3d995406f08a0cf509b292c8eaa5cf2bf0d778f4c72e5b46eb1f292074482
[2025-09-15T10:20:21.400+0000] {process_utils.py:194} INFO - 2025-09-15 10:20:21,330 botocore.hooks [DEBUG] Event request-created.s3.GetObject: calling handler <bound method UserAgentString.rebuild_and_replace_user_agent_handler of <botocore.useragent.UserAgentString object at 0x7f08953a2020>>
[2025-09-15T10:20:21.401+0000] {process_utils.py:194} INFO - 2025-09-15 10:20:21,331 botocore.hooks [DEBUG] Event request-created.s3.GetObject: calling handler <function signal_transferring at 0x7f0895440310>
[2025-09-15T10:20:21.401+0000] {process_utils.py:194} INFO - 2025-09-15 10:20:21,331 botocore.hooks [DEBUG] Event request-created.s3.GetObject: calling handler <function add_retry_headers at 0x7f08d672d990>
[2025-09-15T10:20:21.402+0000] {process_utils.py:194} INFO - 2025-09-15 10:20:21,331 botocore.endpoint [DEBUG] Sending http request: <AWSPreparedRequest stream_output=True, method=GET, url=https://storage.yandexcloud.net/app-kont-b1g0t8k8lmil0f9nu7b5b1gq24p6fvh9njeim173/KONT.tar.gz, headers={'Range': b'bytes=41943040-50331647', 'If-Match': b'"4b89aa9305fe90128e553ba26e82f152"', 'x-amz-checksum-mode': b'ENABLED', 'User-Agent': b'Boto3/1.40.30 md/Botocore#1.40.30 ua/2.1 os/linux#5.4.0-216-generic md/arch#x86_64 lang/python#3.10.16 md/pyimpl#CPython m/N,Z,e,b,D,G cfg/retry-mode#legacy Botocore/1.40.30', 'X-Amz-Date': b'20250915T102021Z', 'X-Amz-Content-SHA256': b'e3b0c44298fc1c149afbf4c8996fb92427ae41e4649b934ca495991b7852b855', 'Authorization': b'AWS4-HMAC-SHA256 Credential=YCAJEBUGJwhYiYbMTCWzEUai4/20250915/ru-central1/s3/aws4_request, SignedHeaders=host;if-match;range;x-amz-checksum-mode;x-amz-content-sha256;x-amz-date, Signature=2aa3d995406f08a0cf509b292c8eaa5cf2bf0d778f4c72e5b46eb1f292074482', 'amz-sdk-invocation-id': b'8a41a47f-6d2b-446a-9aa9-a2dbe7bb1604', 'amz-sdk-request': b'attempt=1'}>
[2025-09-15T10:20:21.403+0000] {process_utils.py:194} INFO - 2025-09-15 10:20:21,331 botocore.httpsession [DEBUG] Certificate path: /tmp/venvar3r5flu/lib/python3.10/site-packages/botocore/cacert.pem
[2025-09-15T10:20:21.403+0000] {process_utils.py:194} INFO - 2025-09-15 10:20:21,332 botocore.hooks [DEBUG] Event before-parameter-build.s3.GetObject: calling handler <function sse_md5 at 0x7f08d670fb50>
[2025-09-15T10:20:21.403+0000] {process_utils.py:194} INFO - 2025-09-15 10:20:21,332 botocore.hooks [DEBUG] Event before-parameter-build.s3.GetObject: calling handler <function validate_bucket_name at 0x7f08d670fac0>
[2025-09-15T10:20:21.403+0000] {process_utils.py:194} INFO - 2025-09-15 10:20:21,333 botocore.hooks [DEBUG] Event before-parameter-build.s3.GetObject: calling handler <function remove_bucket_from_url_paths_from_model at 0x7f08d672da20>
[2025-09-15T10:20:21.404+0000] {process_utils.py:194} INFO - 2025-09-15 10:20:21,333 botocore.hooks [DEBUG] Event before-parameter-build.s3.GetObject: calling handler <bound method S3RegionRedirectorv2.annotate_request_context of <botocore.utils.S3RegionRedirectorv2 object at 0x7f08953a0190>>
[2025-09-15T10:20:21.404+0000] {process_utils.py:194} INFO - 2025-09-15 10:20:21,333 botocore.hooks [DEBUG] Event before-parameter-build.s3.GetObject: calling handler <bound method ClientCreator._inject_s3_input_parameters of <botocore.client.ClientCreator object at 0x7f0895f75de0>>
[2025-09-15T10:20:21.404+0000] {process_utils.py:194} INFO - 2025-09-15 10:20:21,333 botocore.hooks [DEBUG] Event before-parameter-build.s3.GetObject: calling handler <function generate_idempotent_uuid at 0x7f08d670f910>
[2025-09-15T10:20:21.405+0000] {process_utils.py:194} INFO - 2025-09-15 10:20:21,333 botocore.hooks [DEBUG] Event before-parameter-build.s3.GetObject: calling handler <function _handle_request_validation_mode_member at 0x7f08d672e050>
[2025-09-15T10:20:21.405+0000] {process_utils.py:194} INFO - 2025-09-15 10:20:21,333 botocore.hooks [DEBUG] Event before-endpoint-resolution.s3: calling handler <function customize_endpoint_resolver_builtins at 0x7f08d672dbd0>
[2025-09-15T10:20:21.405+0000] {process_utils.py:194} INFO - 2025-09-15 10:20:21,333 botocore.hooks [DEBUG] Event before-endpoint-resolution.s3: calling handler <bound method S3RegionRedirectorv2.redirect_from_cache of <botocore.utils.S3RegionRedirectorv2 object at 0x7f08953a0190>>
[2025-09-15T10:20:21.406+0000] {process_utils.py:194} INFO - 2025-09-15 10:20:21,333 botocore.regions [DEBUG] Calling endpoint provider with parameters: {'Bucket': 'app-kont-b1g0t8k8lmil0f9nu7b5b1gq24p6fvh9njeim173', 'Region': 'ru-central1', 'UseFIPS': False, 'UseDualStack': False, 'Endpoint': 'https://storage.yandexcloud.net', 'ForcePathStyle': True, 'Accelerate': False, 'UseGlobalEndpoint': False, 'Key': 'KONT.tar.gz', 'DisableMultiRegionAccessPoints': False, 'UseArnRegion': True}
[2025-09-15T10:20:21.406+0000] {process_utils.py:194} INFO - 2025-09-15 10:20:21,333 botocore.regions [DEBUG] Endpoint provider result: https://storage.yandexcloud.net/app-kont-b1g0t8k8lmil0f9nu7b5b1gq24p6fvh9njeim173
[2025-09-15T10:20:21.407+0000] {process_utils.py:194} INFO - 2025-09-15 10:20:21,333 botocore.regions [DEBUG] Selecting from endpoint provider's list of auth schemes: "sigv4". User selected auth scheme is: "None"
[2025-09-15T10:20:21.407+0000] {process_utils.py:194} INFO - 2025-09-15 10:20:21,333 botocore.regions [DEBUG] Selected auth type "v4" as "v4" with signing context params: {'region': 'ru-central1', 'signing_name': 's3', 'disableDoubleEncoding': True}
[2025-09-15T10:20:21.407+0000] {process_utils.py:194} INFO - 2025-09-15 10:20:21,334 botocore.hooks [DEBUG] Event before-call.s3.GetObject: calling handler <function add_expect_header at 0x7f08d670fe20>
[2025-09-15T10:20:21.408+0000] {process_utils.py:194} INFO - 2025-09-15 10:20:21,334 botocore.hooks [DEBUG] Event before-call.s3.GetObject: calling handler <bound method S3ExpressIdentityResolver.apply_signing_cache_key of <botocore.utils.S3ExpressIdentityResolver object at 0x7f08953a01f0>>
[2025-09-15T10:20:21.408+0000] {process_utils.py:194} INFO - 2025-09-15 10:20:21,334 botocore.hooks [DEBUG] Event before-call.s3.GetObject: calling handler <function add_recursion_detection_header at 0x7f08d670f490>
[2025-09-15T10:20:21.408+0000] {process_utils.py:194} INFO - 2025-09-15 10:20:21,334 botocore.hooks [DEBUG] Event before-call.s3.GetObject: calling handler <function inject_api_version_header_if_needed at 0x7f08d672d1b0>
[2025-09-15T10:20:21.410+0000] {process_utils.py:194} INFO - 2025-09-15 10:20:21,334 botocore.endpoint [DEBUG] Making request for OperationModel(name=GetObject) with params: {'url_path': '/KONT.tar.gz', 'query_string': {}, 'method': 'GET', 'headers': {'Range': 'bytes=50331648-58720255', 'If-Match': '"4b89aa9305fe90128e553ba26e82f152"', 'x-amz-checksum-mode': 'ENABLED', 'User-Agent': 'Boto3/1.40.30 md/Botocore#1.40.30 ua/2.1 os/linux#5.4.0-216-generic md/arch#x86_64 lang/python#3.10.16 md/pyimpl#CPython m/N,Z,e,b,D,G cfg/retry-mode#legacy Botocore/1.40.30'}, 'body': b'', 'auth_path': '/app-kont-b1g0t8k8lmil0f9nu7b5b1gq24p6fvh9njeim173/KONT.tar.gz', 'url': 'https://storage.yandexcloud.net/app-kont-b1g0t8k8lmil0f9nu7b5b1gq24p6fvh9njeim173/KONT.tar.gz', 'context': {'client_region': 'ru-central1', 'client_config': <botocore.config.Config object at 0x7f08953dc640>, 'has_streaming_input': False, 'auth_type': 'v4', 'unsigned_payload': None, 'auth_options': ['aws.auth#sigv4'], 's3_redirect': {'redirected': False, 'bucket': 'app-kont-b1g0t8k8lmil0f9nu7b5b1gq24p6fvh9njeim173', 'params': {'Bucket': 'app-kont-b1g0t8k8lmil0f9nu7b5b1gq24p6fvh9njeim173', 'Key': 'KONT.tar.gz', 'Range': 'bytes=50331648-58720255', 'IfMatch': '"4b89aa9305fe90128e553ba26e82f152"', 'ChecksumMode': 'ENABLED'}}, 'input_params': {'Bucket': 'app-kont-b1g0t8k8lmil0f9nu7b5b1gq24p6fvh9njeim173', 'Key': 'KONT.tar.gz'}, 'signing': {'region': 'ru-central1', 'signing_name': 's3', 'disableDoubleEncoding': True}, 'endpoint_properties': {'authSchemes': [{'disableDoubleEncoding': True, 'name': 'sigv4', 'signingName': 's3', 'signingRegion': 'ru-central1'}]}, 'checksum': {'response_algorithms': ['crc32', 'sha1', 'sha256']}}}
[2025-09-15T10:20:21.411+0000] {process_utils.py:194} INFO - 2025-09-15 10:20:21,334 botocore.hooks [DEBUG] Event request-created.s3.GetObject: calling handler <function signal_not_transferring at 0x7f0895440280>
[2025-09-15T10:20:21.411+0000] {process_utils.py:194} INFO - 2025-09-15 10:20:21,334 botocore.hooks [DEBUG] Event request-created.s3.GetObject: calling handler <bound method RequestSigner.handler of <botocore.signers.RequestSigner object at 0x7f08953dc5b0>>
[2025-09-15T10:20:21.411+0000] {process_utils.py:194} INFO - 2025-09-15 10:20:21,334 botocore.hooks [DEBUG] Event choose-signer.s3.GetObject: calling handler <function set_operation_specific_signer at 0x7f08d670f6d0>
[2025-09-15T10:20:21.412+0000] {process_utils.py:194} INFO - 2025-09-15 10:20:21,334 botocore.hooks [DEBUG] Event before-sign.s3.GetObject: calling handler <function remove_arn_from_signing_path at 0x7f08d672db40>
[2025-09-15T10:20:21.412+0000] {process_utils.py:194} INFO - 2025-09-15 10:20:21,334 botocore.hooks [DEBUG] Event before-sign.s3.GetObject: calling handler <function _set_extra_headers_for_unsigned_request at 0x7f08d672e0e0>
[2025-09-15T10:20:21.412+0000] {process_utils.py:194} INFO - 2025-09-15 10:20:21,334 botocore.hooks [DEBUG] Event before-sign.s3.GetObject: calling handler <bound method S3ExpressIdentityResolver.resolve_s3express_identity of <botocore.utils.S3ExpressIdentityResolver object at 0x7f08953a01f0>>
[2025-09-15T10:20:21.413+0000] {process_utils.py:194} INFO - 2025-09-15 10:20:21,335 botocore.auth [DEBUG] Calculating signature using v4 auth.
[2025-09-15T10:20:21.413+0000] {process_utils.py:194} INFO - 2025-09-15 10:20:21,335 botocore.auth [DEBUG] CanonicalRequest:
[2025-09-15T10:20:21.413+0000] {process_utils.py:194} INFO - GET
[2025-09-15T10:20:21.413+0000] {process_utils.py:194} INFO - /app-kont-b1g0t8k8lmil0f9nu7b5b1gq24p6fvh9njeim173/KONT.tar.gz
[2025-09-15T10:20:21.413+0000] {process_utils.py:194} INFO - 
[2025-09-15T10:20:21.414+0000] {process_utils.py:194} INFO - host:storage.yandexcloud.net
[2025-09-15T10:20:21.414+0000] {process_utils.py:194} INFO - if-match:"4b89aa9305fe90128e553ba26e82f152"
[2025-09-15T10:20:21.414+0000] {process_utils.py:194} INFO - range:bytes=50331648-58720255
[2025-09-15T10:20:21.414+0000] {process_utils.py:194} INFO - x-amz-checksum-mode:ENABLED
[2025-09-15T10:20:21.414+0000] {process_utils.py:194} INFO - x-amz-content-sha256:e3b0c44298fc1c149afbf4c8996fb92427ae41e4649b934ca495991b7852b855
[2025-09-15T10:20:21.415+0000] {process_utils.py:194} INFO - x-amz-date:20250915T102021Z
[2025-09-15T10:20:21.415+0000] {process_utils.py:194} INFO - 
[2025-09-15T10:20:21.415+0000] {process_utils.py:194} INFO - host;if-match;range;x-amz-checksum-mode;x-amz-content-sha256;x-amz-date
[2025-09-15T10:20:21.415+0000] {process_utils.py:194} INFO - e3b0c44298fc1c149afbf4c8996fb92427ae41e4649b934ca495991b7852b855
[2025-09-15T10:20:21.415+0000] {process_utils.py:194} INFO - 2025-09-15 10:20:21,335 botocore.auth [DEBUG] StringToSign:
[2025-09-15T10:20:21.416+0000] {process_utils.py:194} INFO - AWS4-HMAC-SHA256
[2025-09-15T10:20:21.416+0000] {process_utils.py:194} INFO - 20250915T102021Z
[2025-09-15T10:20:21.416+0000] {process_utils.py:194} INFO - 20250915/ru-central1/s3/aws4_request
[2025-09-15T10:20:21.416+0000] {process_utils.py:194} INFO - b87301c728e93643ecc279be95cd65ea0d520ef1a18893ec00543f972dca3f24
[2025-09-15T10:20:21.417+0000] {process_utils.py:194} INFO - 2025-09-15 10:20:21,335 botocore.auth [DEBUG] Signature:
[2025-09-15T10:20:21.417+0000] {process_utils.py:194} INFO - 4c1d043691c8a2c4ee642a8b981439ee873527bb8b6cd7bf3e39b60a15c23659
[2025-09-15T10:20:21.417+0000] {process_utils.py:194} INFO - 2025-09-15 10:20:21,335 botocore.hooks [DEBUG] Event request-created.s3.GetObject: calling handler <bound method UserAgentString.rebuild_and_replace_user_agent_handler of <botocore.useragent.UserAgentString object at 0x7f08953a2020>>
[2025-09-15T10:20:21.418+0000] {process_utils.py:194} INFO - 2025-09-15 10:20:21,335 botocore.hooks [DEBUG] Event request-created.s3.GetObject: calling handler <function signal_transferring at 0x7f0895440310>
[2025-09-15T10:20:21.418+0000] {process_utils.py:194} INFO - 2025-09-15 10:20:21,335 botocore.hooks [DEBUG] Event request-created.s3.GetObject: calling handler <function add_retry_headers at 0x7f08d672d990>
[2025-09-15T10:20:21.419+0000] {process_utils.py:194} INFO - 2025-09-15 10:20:21,336 botocore.endpoint [DEBUG] Sending http request: <AWSPreparedRequest stream_output=True, method=GET, url=https://storage.yandexcloud.net/app-kont-b1g0t8k8lmil0f9nu7b5b1gq24p6fvh9njeim173/KONT.tar.gz, headers={'Range': b'bytes=50331648-58720255', 'If-Match': b'"4b89aa9305fe90128e553ba26e82f152"', 'x-amz-checksum-mode': b'ENABLED', 'User-Agent': b'Boto3/1.40.30 md/Botocore#1.40.30 ua/2.1 os/linux#5.4.0-216-generic md/arch#x86_64 lang/python#3.10.16 md/pyimpl#CPython m/N,Z,e,b,D,G cfg/retry-mode#legacy Botocore/1.40.30', 'X-Amz-Date': b'20250915T102021Z', 'X-Amz-Content-SHA256': b'e3b0c44298fc1c149afbf4c8996fb92427ae41e4649b934ca495991b7852b855', 'Authorization': b'AWS4-HMAC-SHA256 Credential=YCAJEBUGJwhYiYbMTCWzEUai4/20250915/ru-central1/s3/aws4_request, SignedHeaders=host;if-match;range;x-amz-checksum-mode;x-amz-content-sha256;x-amz-date, Signature=4c1d043691c8a2c4ee642a8b981439ee873527bb8b6cd7bf3e39b60a15c23659', 'amz-sdk-invocation-id': b'39b36f60-d1ab-4ee1-b78c-ba3377cb0fef', 'amz-sdk-request': b'attempt=1'}>
[2025-09-15T10:20:21.420+0000] {process_utils.py:194} INFO - 2025-09-15 10:20:21,336 botocore.httpsession [DEBUG] Certificate path: /tmp/venvar3r5flu/lib/python3.10/site-packages/botocore/cacert.pem
[2025-09-15T10:20:21.420+0000] {process_utils.py:194} INFO - 2025-09-15 10:20:21,337 botocore.hooks [DEBUG] Event before-parameter-build.s3.GetObject: calling handler <function sse_md5 at 0x7f08d670fb50>
[2025-09-15T10:20:21.420+0000] {process_utils.py:194} INFO - 2025-09-15 10:20:21,338 botocore.hooks [DEBUG] Event before-parameter-build.s3.GetObject: calling handler <function validate_bucket_name at 0x7f08d670fac0>
[2025-09-15T10:20:21.421+0000] {process_utils.py:194} INFO - 2025-09-15 10:20:21,338 botocore.hooks [DEBUG] Event before-parameter-build.s3.GetObject: calling handler <function remove_bucket_from_url_paths_from_model at 0x7f08d672da20>
[2025-09-15T10:20:21.421+0000] {process_utils.py:194} INFO - 2025-09-15 10:20:21,338 botocore.hooks [DEBUG] Event before-parameter-build.s3.GetObject: calling handler <bound method S3RegionRedirectorv2.annotate_request_context of <botocore.utils.S3RegionRedirectorv2 object at 0x7f08953a0190>>
[2025-09-15T10:20:21.421+0000] {process_utils.py:194} INFO - 2025-09-15 10:20:21,338 botocore.hooks [DEBUG] Event before-parameter-build.s3.GetObject: calling handler <bound method ClientCreator._inject_s3_input_parameters of <botocore.client.ClientCreator object at 0x7f0895f75de0>>
[2025-09-15T10:20:21.422+0000] {process_utils.py:194} INFO - 2025-09-15 10:20:21,338 botocore.hooks [DEBUG] Event before-parameter-build.s3.GetObject: calling handler <function generate_idempotent_uuid at 0x7f08d670f910>
[2025-09-15T10:20:21.422+0000] {process_utils.py:194} INFO - 2025-09-15 10:20:21,338 botocore.hooks [DEBUG] Event before-parameter-build.s3.GetObject: calling handler <function _handle_request_validation_mode_member at 0x7f08d672e050>
[2025-09-15T10:20:21.422+0000] {process_utils.py:194} INFO - 2025-09-15 10:20:21,338 botocore.hooks [DEBUG] Event before-endpoint-resolution.s3: calling handler <function customize_endpoint_resolver_builtins at 0x7f08d672dbd0>
[2025-09-15T10:20:21.423+0000] {process_utils.py:194} INFO - 2025-09-15 10:20:21,338 botocore.hooks [DEBUG] Event before-endpoint-resolution.s3: calling handler <bound method S3RegionRedirectorv2.redirect_from_cache of <botocore.utils.S3RegionRedirectorv2 object at 0x7f08953a0190>>
[2025-09-15T10:20:21.423+0000] {process_utils.py:194} INFO - 2025-09-15 10:20:21,338 botocore.regions [DEBUG] Calling endpoint provider with parameters: {'Bucket': 'app-kont-b1g0t8k8lmil0f9nu7b5b1gq24p6fvh9njeim173', 'Region': 'ru-central1', 'UseFIPS': False, 'UseDualStack': False, 'Endpoint': 'https://storage.yandexcloud.net', 'ForcePathStyle': True, 'Accelerate': False, 'UseGlobalEndpoint': False, 'Key': 'KONT.tar.gz', 'DisableMultiRegionAccessPoints': False, 'UseArnRegion': True}
[2025-09-15T10:20:21.424+0000] {process_utils.py:194} INFO - 2025-09-15 10:20:21,338 botocore.regions [DEBUG] Endpoint provider result: https://storage.yandexcloud.net/app-kont-b1g0t8k8lmil0f9nu7b5b1gq24p6fvh9njeim173
[2025-09-15T10:20:21.424+0000] {process_utils.py:194} INFO - 2025-09-15 10:20:21,338 botocore.regions [DEBUG] Selecting from endpoint provider's list of auth schemes: "sigv4". User selected auth scheme is: "None"
[2025-09-15T10:20:21.425+0000] {process_utils.py:194} INFO - 2025-09-15 10:20:21,339 botocore.regions [DEBUG] Selected auth type "v4" as "v4" with signing context params: {'region': 'ru-central1', 'signing_name': 's3', 'disableDoubleEncoding': True}
[2025-09-15T10:20:21.425+0000] {process_utils.py:194} INFO - 2025-09-15 10:20:21,339 botocore.hooks [DEBUG] Event before-call.s3.GetObject: calling handler <function add_expect_header at 0x7f08d670fe20>
[2025-09-15T10:20:21.425+0000] {process_utils.py:194} INFO - 2025-09-15 10:20:21,339 botocore.hooks [DEBUG] Event before-call.s3.GetObject: calling handler <bound method S3ExpressIdentityResolver.apply_signing_cache_key of <botocore.utils.S3ExpressIdentityResolver object at 0x7f08953a01f0>>
[2025-09-15T10:20:21.425+0000] {process_utils.py:194} INFO - 2025-09-15 10:20:21,339 botocore.hooks [DEBUG] Event before-call.s3.GetObject: calling handler <function add_recursion_detection_header at 0x7f08d670f490>
[2025-09-15T10:20:21.426+0000] {process_utils.py:194} INFO - 2025-09-15 10:20:21,339 botocore.hooks [DEBUG] Event before-call.s3.GetObject: calling handler <function inject_api_version_header_if_needed at 0x7f08d672d1b0>
[2025-09-15T10:20:21.428+0000] {process_utils.py:194} INFO - 2025-09-15 10:20:21,339 botocore.endpoint [DEBUG] Making request for OperationModel(name=GetObject) with params: {'url_path': '/KONT.tar.gz', 'query_string': {}, 'method': 'GET', 'headers': {'Range': 'bytes=58720256-67108863', 'If-Match': '"4b89aa9305fe90128e553ba26e82f152"', 'x-amz-checksum-mode': 'ENABLED', 'User-Agent': 'Boto3/1.40.30 md/Botocore#1.40.30 ua/2.1 os/linux#5.4.0-216-generic md/arch#x86_64 lang/python#3.10.16 md/pyimpl#CPython m/N,Z,e,b,D,G cfg/retry-mode#legacy Botocore/1.40.30'}, 'body': b'', 'auth_path': '/app-kont-b1g0t8k8lmil0f9nu7b5b1gq24p6fvh9njeim173/KONT.tar.gz', 'url': 'https://storage.yandexcloud.net/app-kont-b1g0t8k8lmil0f9nu7b5b1gq24p6fvh9njeim173/KONT.tar.gz', 'context': {'client_region': 'ru-central1', 'client_config': <botocore.config.Config object at 0x7f08953dc640>, 'has_streaming_input': False, 'auth_type': 'v4', 'unsigned_payload': None, 'auth_options': ['aws.auth#sigv4'], 's3_redirect': {'redirected': False, 'bucket': 'app-kont-b1g0t8k8lmil0f9nu7b5b1gq24p6fvh9njeim173', 'params': {'Bucket': 'app-kont-b1g0t8k8lmil0f9nu7b5b1gq24p6fvh9njeim173', 'Key': 'KONT.tar.gz', 'Range': 'bytes=58720256-67108863', 'IfMatch': '"4b89aa9305fe90128e553ba26e82f152"', 'ChecksumMode': 'ENABLED'}}, 'input_params': {'Bucket': 'app-kont-b1g0t8k8lmil0f9nu7b5b1gq24p6fvh9njeim173', 'Key': 'KONT.tar.gz'}, 'signing': {'region': 'ru-central1', 'signing_name': 's3', 'disableDoubleEncoding': True}, 'endpoint_properties': {'authSchemes': [{'disableDoubleEncoding': True, 'name': 'sigv4', 'signingName': 's3', 'signingRegion': 'ru-central1'}]}, 'checksum': {'response_algorithms': ['crc32', 'sha1', 'sha256']}}}
[2025-09-15T10:20:21.428+0000] {process_utils.py:194} INFO - 2025-09-15 10:20:21,339 botocore.hooks [DEBUG] Event before-parameter-build.s3.GetObject: calling handler <function sse_md5 at 0x7f08d670fb50>
[2025-09-15T10:20:21.428+0000] {process_utils.py:194} INFO - 2025-09-15 10:20:21,340 botocore.hooks [DEBUG] Event request-created.s3.GetObject: calling handler <function signal_not_transferring at 0x7f0895440280>
[2025-09-15T10:20:21.429+0000] {process_utils.py:194} INFO - 2025-09-15 10:20:21,340 botocore.hooks [DEBUG] Event before-parameter-build.s3.GetObject: calling handler <function validate_bucket_name at 0x7f08d670fac0>
[2025-09-15T10:20:21.429+0000] {process_utils.py:194} INFO - 2025-09-15 10:20:21,340 botocore.hooks [DEBUG] Event request-created.s3.GetObject: calling handler <bound method RequestSigner.handler of <botocore.signers.RequestSigner object at 0x7f08953dc5b0>>
[2025-09-15T10:20:21.430+0000] {process_utils.py:194} INFO - 2025-09-15 10:20:21,340 botocore.hooks [DEBUG] Event before-parameter-build.s3.GetObject: calling handler <function remove_bucket_from_url_paths_from_model at 0x7f08d672da20>
[2025-09-15T10:20:21.430+0000] {process_utils.py:194} INFO - 2025-09-15 10:20:21,340 botocore.hooks [DEBUG] Event choose-signer.s3.GetObject: calling handler <function set_operation_specific_signer at 0x7f08d670f6d0>
[2025-09-15T10:20:21.431+0000] {process_utils.py:194} INFO - 2025-09-15 10:20:21,340 botocore.hooks [DEBUG] Event before-parameter-build.s3.GetObject: calling handler <bound method S3RegionRedirectorv2.annotate_request_context of <botocore.utils.S3RegionRedirectorv2 object at 0x7f08953a0190>>
[2025-09-15T10:20:21.431+0000] {process_utils.py:194} INFO - 2025-09-15 10:20:21,340 botocore.hooks [DEBUG] Event before-sign.s3.GetObject: calling handler <function remove_arn_from_signing_path at 0x7f08d672db40>
[2025-09-15T10:20:21.431+0000] {process_utils.py:194} INFO - 2025-09-15 10:20:21,340 botocore.hooks [DEBUG] Event before-parameter-build.s3.GetObject: calling handler <bound method ClientCreator._inject_s3_input_parameters of <botocore.client.ClientCreator object at 0x7f0895f75de0>>
[2025-09-15T10:20:21.432+0000] {process_utils.py:194} INFO - 2025-09-15 10:20:21,340 botocore.hooks [DEBUG] Event before-sign.s3.GetObject: calling handler <function _set_extra_headers_for_unsigned_request at 0x7f08d672e0e0>
[2025-09-15T10:20:21.432+0000] {process_utils.py:194} INFO - 2025-09-15 10:20:21,341 botocore.hooks [DEBUG] Event before-parameter-build.s3.GetObject: calling handler <function generate_idempotent_uuid at 0x7f08d670f910>
[2025-09-15T10:20:21.433+0000] {process_utils.py:194} INFO - 2025-09-15 10:20:21,341 botocore.hooks [DEBUG] Event before-sign.s3.GetObject: calling handler <bound method S3ExpressIdentityResolver.resolve_s3express_identity of <botocore.utils.S3ExpressIdentityResolver object at 0x7f08953a01f0>>
[2025-09-15T10:20:21.433+0000] {process_utils.py:194} INFO - 2025-09-15 10:20:21,341 botocore.hooks [DEBUG] Event before-parameter-build.s3.GetObject: calling handler <function _handle_request_validation_mode_member at 0x7f08d672e050>
[2025-09-15T10:20:21.433+0000] {process_utils.py:194} INFO - 2025-09-15 10:20:21,341 botocore.auth [DEBUG] Calculating signature using v4 auth.
[2025-09-15T10:20:21.434+0000] {process_utils.py:194} INFO - 2025-09-15 10:20:21,341 botocore.hooks [DEBUG] Event before-endpoint-resolution.s3: calling handler <function customize_endpoint_resolver_builtins at 0x7f08d672dbd0>
[2025-09-15T10:20:21.434+0000] {process_utils.py:194} INFO - 2025-09-15 10:20:21,341 botocore.auth [DEBUG] CanonicalRequest:
[2025-09-15T10:20:21.434+0000] {process_utils.py:194} INFO - GET
[2025-09-15T10:20:21.435+0000] {process_utils.py:194} INFO - /app-kont-b1g0t8k8lmil0f9nu7b5b1gq24p6fvh9njeim173/KONT.tar.gz
[2025-09-15T10:20:21.435+0000] {process_utils.py:194} INFO - 
[2025-09-15T10:20:21.435+0000] {process_utils.py:194} INFO - host:storage.yandexcloud.net
[2025-09-15T10:20:21.435+0000] {process_utils.py:194} INFO - if-match:"4b89aa9305fe90128e553ba26e82f152"
[2025-09-15T10:20:21.435+0000] {process_utils.py:194} INFO - range:bytes=58720256-67108863
[2025-09-15T10:20:21.436+0000] {process_utils.py:194} INFO - x-amz-checksum-mode:ENABLED
[2025-09-15T10:20:21.436+0000] {process_utils.py:194} INFO - x-amz-content-sha256:e3b0c44298fc1c149afbf4c8996fb92427ae41e4649b934ca495991b7852b855
[2025-09-15T10:20:21.436+0000] {process_utils.py:194} INFO - x-amz-date:20250915T102021Z
[2025-09-15T10:20:21.436+0000] {process_utils.py:194} INFO - 
[2025-09-15T10:20:21.437+0000] {process_utils.py:194} INFO - host;if-match;range;x-amz-checksum-mode;x-amz-content-sha256;x-amz-date
[2025-09-15T10:20:21.437+0000] {process_utils.py:194} INFO - e3b0c44298fc1c149afbf4c8996fb92427ae41e4649b934ca495991b7852b855
[2025-09-15T10:20:21.437+0000] {process_utils.py:194} INFO - 2025-09-15 10:20:21,341 botocore.hooks [DEBUG] Event before-endpoint-resolution.s3: calling handler <bound method S3RegionRedirectorv2.redirect_from_cache of <botocore.utils.S3RegionRedirectorv2 object at 0x7f08953a0190>>
[2025-09-15T10:20:21.438+0000] {process_utils.py:194} INFO - 2025-09-15 10:20:21,341 botocore.auth [DEBUG] StringToSign:
[2025-09-15T10:20:21.438+0000] {process_utils.py:194} INFO - AWS4-HMAC-SHA256
[2025-09-15T10:20:21.438+0000] {process_utils.py:194} INFO - 20250915T102021Z
[2025-09-15T10:20:21.438+0000] {process_utils.py:194} INFO - 20250915/ru-central1/s3/aws4_request
[2025-09-15T10:20:21.439+0000] {process_utils.py:194} INFO - 0cfc6d7ac95f8aa6071129142fd3d633cb3fed5aca20291361aca43b8cb4658e
[2025-09-15T10:20:21.439+0000] {process_utils.py:194} INFO - 2025-09-15 10:20:21,341 botocore.regions [DEBUG] Calling endpoint provider with parameters: {'Bucket': 'app-kont-b1g0t8k8lmil0f9nu7b5b1gq24p6fvh9njeim173', 'Region': 'ru-central1', 'UseFIPS': False, 'UseDualStack': False, 'Endpoint': 'https://storage.yandexcloud.net', 'ForcePathStyle': True, 'Accelerate': False, 'UseGlobalEndpoint': False, 'Key': 'KONT.tar.gz', 'DisableMultiRegionAccessPoints': False, 'UseArnRegion': True}
[2025-09-15T10:20:21.439+0000] {process_utils.py:194} INFO - 2025-09-15 10:20:21,342 botocore.auth [DEBUG] Signature:
[2025-09-15T10:20:21.440+0000] {process_utils.py:194} INFO - 7f7f869c132a1ee9db2f1f5645553054d220c3848865208d40b08c30f5ba0092
[2025-09-15T10:20:21.440+0000] {process_utils.py:194} INFO - 2025-09-15 10:20:21,342 botocore.regions [DEBUG] Endpoint provider result: https://storage.yandexcloud.net/app-kont-b1g0t8k8lmil0f9nu7b5b1gq24p6fvh9njeim173
[2025-09-15T10:20:21.441+0000] {process_utils.py:194} INFO - 2025-09-15 10:20:21,342 botocore.hooks [DEBUG] Event request-created.s3.GetObject: calling handler <bound method UserAgentString.rebuild_and_replace_user_agent_handler of <botocore.useragent.UserAgentString object at 0x7f08953a2020>>
[2025-09-15T10:20:21.441+0000] {process_utils.py:194} INFO - 2025-09-15 10:20:21,342 botocore.regions [DEBUG] Selecting from endpoint provider's list of auth schemes: "sigv4". User selected auth scheme is: "None"
[2025-09-15T10:20:21.441+0000] {process_utils.py:194} INFO - 2025-09-15 10:20:21,342 botocore.hooks [DEBUG] Event request-created.s3.GetObject: calling handler <function signal_transferring at 0x7f0895440310>
[2025-09-15T10:20:21.442+0000] {process_utils.py:194} INFO - 2025-09-15 10:20:21,342 botocore.regions [DEBUG] Selected auth type "v4" as "v4" with signing context params: {'region': 'ru-central1', 'signing_name': 's3', 'disableDoubleEncoding': True}
[2025-09-15T10:20:21.442+0000] {process_utils.py:194} INFO - 2025-09-15 10:20:21,342 botocore.hooks [DEBUG] Event request-created.s3.GetObject: calling handler <function add_retry_headers at 0x7f08d672d990>
[2025-09-15T10:20:21.442+0000] {process_utils.py:194} INFO - 2025-09-15 10:20:21,343 botocore.hooks [DEBUG] Event before-call.s3.GetObject: calling handler <function add_expect_header at 0x7f08d670fe20>
[2025-09-15T10:20:21.443+0000] {process_utils.py:194} INFO - 2025-09-15 10:20:21,343 botocore.endpoint [DEBUG] Sending http request: <AWSPreparedRequest stream_output=True, method=GET, url=https://storage.yandexcloud.net/app-kont-b1g0t8k8lmil0f9nu7b5b1gq24p6fvh9njeim173/KONT.tar.gz, headers={'Range': b'bytes=58720256-67108863', 'If-Match': b'"4b89aa9305fe90128e553ba26e82f152"', 'x-amz-checksum-mode': b'ENABLED', 'User-Agent': b'Boto3/1.40.30 md/Botocore#1.40.30 ua/2.1 os/linux#5.4.0-216-generic md/arch#x86_64 lang/python#3.10.16 md/pyimpl#CPython m/N,Z,e,b,D,G cfg/retry-mode#legacy Botocore/1.40.30', 'X-Amz-Date': b'20250915T102021Z', 'X-Amz-Content-SHA256': b'e3b0c44298fc1c149afbf4c8996fb92427ae41e4649b934ca495991b7852b855', 'Authorization': b'AWS4-HMAC-SHA256 Credential=YCAJEBUGJwhYiYbMTCWzEUai4/20250915/ru-central1/s3/aws4_request, SignedHeaders=host;if-match;range;x-amz-checksum-mode;x-amz-content-sha256;x-amz-date, Signature=7f7f869c132a1ee9db2f1f5645553054d220c3848865208d40b08c30f5ba0092', 'amz-sdk-invocation-id': b'211fae03-c34e-4e2b-ada8-9a51ad0af6e5', 'amz-sdk-request': b'attempt=1'}>
[2025-09-15T10:20:21.444+0000] {process_utils.py:194} INFO - 2025-09-15 10:20:21,343 botocore.hooks [DEBUG] Event before-call.s3.GetObject: calling handler <bound method S3ExpressIdentityResolver.apply_signing_cache_key of <botocore.utils.S3ExpressIdentityResolver object at 0x7f08953a01f0>>
[2025-09-15T10:20:21.444+0000] {process_utils.py:194} INFO - 2025-09-15 10:20:21,343 botocore.httpsession [DEBUG] Certificate path: /tmp/venvar3r5flu/lib/python3.10/site-packages/botocore/cacert.pem
[2025-09-15T10:20:21.444+0000] {process_utils.py:194} INFO - 2025-09-15 10:20:21,343 botocore.hooks [DEBUG] Event before-call.s3.GetObject: calling handler <function add_recursion_detection_header at 0x7f08d670f490>
[2025-09-15T10:20:21.445+0000] {process_utils.py:194} INFO - 2025-09-15 10:20:21,344 botocore.hooks [DEBUG] Event before-call.s3.GetObject: calling handler <function inject_api_version_header_if_needed at 0x7f08d672d1b0>
[2025-09-15T10:20:21.446+0000] {process_utils.py:194} INFO - 2025-09-15 10:20:21,344 botocore.endpoint [DEBUG] Making request for OperationModel(name=GetObject) with params: {'url_path': '/KONT.tar.gz', 'query_string': {}, 'method': 'GET', 'headers': {'Range': 'bytes=67108864-', 'If-Match': '"4b89aa9305fe90128e553ba26e82f152"', 'x-amz-checksum-mode': 'ENABLED', 'User-Agent': 'Boto3/1.40.30 md/Botocore#1.40.30 ua/2.1 os/linux#5.4.0-216-generic md/arch#x86_64 lang/python#3.10.16 md/pyimpl#CPython m/N,Z,e,b,D,G cfg/retry-mode#legacy Botocore/1.40.30'}, 'body': b'', 'auth_path': '/app-kont-b1g0t8k8lmil0f9nu7b5b1gq24p6fvh9njeim173/KONT.tar.gz', 'url': 'https://storage.yandexcloud.net/app-kont-b1g0t8k8lmil0f9nu7b5b1gq24p6fvh9njeim173/KONT.tar.gz', 'context': {'client_region': 'ru-central1', 'client_config': <botocore.config.Config object at 0x7f08953dc640>, 'has_streaming_input': False, 'auth_type': 'v4', 'unsigned_payload': None, 'auth_options': ['aws.auth#sigv4'], 's3_redirect': {'redirected': False, 'bucket': 'app-kont-b1g0t8k8lmil0f9nu7b5b1gq24p6fvh9njeim173', 'params': {'Bucket': 'app-kont-b1g0t8k8lmil0f9nu7b5b1gq24p6fvh9njeim173', 'Key': 'KONT.tar.gz', 'Range': 'bytes=67108864-', 'IfMatch': '"4b89aa9305fe90128e553ba26e82f152"', 'ChecksumMode': 'ENABLED'}}, 'input_params': {'Bucket': 'app-kont-b1g0t8k8lmil0f9nu7b5b1gq24p6fvh9njeim173', 'Key': 'KONT.tar.gz'}, 'signing': {'region': 'ru-central1', 'signing_name': 's3', 'disableDoubleEncoding': True}, 'endpoint_properties': {'authSchemes': [{'disableDoubleEncoding': True, 'name': 'sigv4', 'signingName': 's3', 'signingRegion': 'ru-central1'}]}, 'checksum': {'response_algorithms': ['crc32', 'sha1', 'sha256']}}}
[2025-09-15T10:20:21.447+0000] {process_utils.py:194} INFO - 2025-09-15 10:20:21,344 botocore.hooks [DEBUG] Event request-created.s3.GetObject: calling handler <function signal_not_transferring at 0x7f0895440280>
[2025-09-15T10:20:21.447+0000] {process_utils.py:194} INFO - 2025-09-15 10:20:21,344 botocore.hooks [DEBUG] Event request-created.s3.GetObject: calling handler <bound method RequestSigner.handler of <botocore.signers.RequestSigner object at 0x7f08953dc5b0>>
[2025-09-15T10:20:21.447+0000] {process_utils.py:194} INFO - 2025-09-15 10:20:21,344 botocore.hooks [DEBUG] Event choose-signer.s3.GetObject: calling handler <function set_operation_specific_signer at 0x7f08d670f6d0>
[2025-09-15T10:20:21.448+0000] {process_utils.py:194} INFO - 2025-09-15 10:20:21,344 botocore.hooks [DEBUG] Event before-sign.s3.GetObject: calling handler <function remove_arn_from_signing_path at 0x7f08d672db40>
[2025-09-15T10:20:21.448+0000] {process_utils.py:194} INFO - 2025-09-15 10:20:21,344 botocore.hooks [DEBUG] Event before-sign.s3.GetObject: calling handler <function _set_extra_headers_for_unsigned_request at 0x7f08d672e0e0>
[2025-09-15T10:20:21.448+0000] {process_utils.py:194} INFO - 2025-09-15 10:20:21,344 botocore.hooks [DEBUG] Event before-sign.s3.GetObject: calling handler <bound method S3ExpressIdentityResolver.resolve_s3express_identity of <botocore.utils.S3ExpressIdentityResolver object at 0x7f08953a01f0>>
[2025-09-15T10:20:21.448+0000] {process_utils.py:194} INFO - 2025-09-15 10:20:21,344 botocore.auth [DEBUG] Calculating signature using v4 auth.
[2025-09-15T10:20:21.449+0000] {process_utils.py:194} INFO - 2025-09-15 10:20:21,345 botocore.auth [DEBUG] CanonicalRequest:
[2025-09-15T10:20:21.449+0000] {process_utils.py:194} INFO - GET
[2025-09-15T10:20:21.449+0000] {process_utils.py:194} INFO - /app-kont-b1g0t8k8lmil0f9nu7b5b1gq24p6fvh9njeim173/KONT.tar.gz
[2025-09-15T10:20:21.449+0000] {process_utils.py:194} INFO - 
[2025-09-15T10:20:21.449+0000] {process_utils.py:194} INFO - host:storage.yandexcloud.net
[2025-09-15T10:20:21.450+0000] {process_utils.py:194} INFO - if-match:"4b89aa9305fe90128e553ba26e82f152"
[2025-09-15T10:20:21.450+0000] {process_utils.py:194} INFO - range:bytes=67108864-
[2025-09-15T10:20:21.450+0000] {process_utils.py:194} INFO - x-amz-checksum-mode:ENABLED
[2025-09-15T10:20:21.450+0000] {process_utils.py:194} INFO - x-amz-content-sha256:e3b0c44298fc1c149afbf4c8996fb92427ae41e4649b934ca495991b7852b855
[2025-09-15T10:20:21.450+0000] {process_utils.py:194} INFO - x-amz-date:20250915T102021Z
[2025-09-15T10:20:21.451+0000] {process_utils.py:194} INFO - 
[2025-09-15T10:20:21.451+0000] {process_utils.py:194} INFO - host;if-match;range;x-amz-checksum-mode;x-amz-content-sha256;x-amz-date
[2025-09-15T10:20:21.451+0000] {process_utils.py:194} INFO - e3b0c44298fc1c149afbf4c8996fb92427ae41e4649b934ca495991b7852b855
[2025-09-15T10:20:21.451+0000] {process_utils.py:194} INFO - 2025-09-15 10:20:21,345 botocore.auth [DEBUG] StringToSign:
[2025-09-15T10:20:21.451+0000] {process_utils.py:194} INFO - AWS4-HMAC-SHA256
[2025-09-15T10:20:21.452+0000] {process_utils.py:194} INFO - 20250915T102021Z
[2025-09-15T10:20:21.452+0000] {process_utils.py:194} INFO - 20250915/ru-central1/s3/aws4_request
[2025-09-15T10:20:21.452+0000] {process_utils.py:194} INFO - 79c86f8d7c119f6945d618e8fdc5474993d5ab34104d6470599a3bbb2f39647d
[2025-09-15T10:20:21.452+0000] {process_utils.py:194} INFO - 2025-09-15 10:20:21,345 botocore.auth [DEBUG] Signature:
[2025-09-15T10:20:21.452+0000] {process_utils.py:194} INFO - deea3089ccc532896a5025a80ed48c835e5560d65af2b33a0b21033190404f2a
[2025-09-15T10:20:21.453+0000] {process_utils.py:194} INFO - 2025-09-15 10:20:21,345 botocore.hooks [DEBUG] Event request-created.s3.GetObject: calling handler <bound method UserAgentString.rebuild_and_replace_user_agent_handler of <botocore.useragent.UserAgentString object at 0x7f08953a2020>>
[2025-09-15T10:20:21.453+0000] {process_utils.py:194} INFO - 2025-09-15 10:20:21,345 botocore.hooks [DEBUG] Event request-created.s3.GetObject: calling handler <function signal_transferring at 0x7f0895440310>
[2025-09-15T10:20:21.453+0000] {process_utils.py:194} INFO - 2025-09-15 10:20:21,345 botocore.hooks [DEBUG] Event request-created.s3.GetObject: calling handler <function add_retry_headers at 0x7f08d672d990>
[2025-09-15T10:20:21.454+0000] {process_utils.py:194} INFO - 2025-09-15 10:20:21,345 botocore.endpoint [DEBUG] Sending http request: <AWSPreparedRequest stream_output=True, method=GET, url=https://storage.yandexcloud.net/app-kont-b1g0t8k8lmil0f9nu7b5b1gq24p6fvh9njeim173/KONT.tar.gz, headers={'Range': b'bytes=67108864-', 'If-Match': b'"4b89aa9305fe90128e553ba26e82f152"', 'x-amz-checksum-mode': b'ENABLED', 'User-Agent': b'Boto3/1.40.30 md/Botocore#1.40.30 ua/2.1 os/linux#5.4.0-216-generic md/arch#x86_64 lang/python#3.10.16 md/pyimpl#CPython m/N,Z,e,b,D,G cfg/retry-mode#legacy Botocore/1.40.30', 'X-Amz-Date': b'20250915T102021Z', 'X-Amz-Content-SHA256': b'e3b0c44298fc1c149afbf4c8996fb92427ae41e4649b934ca495991b7852b855', 'Authorization': b'AWS4-HMAC-SHA256 Credential=YCAJEBUGJwhYiYbMTCWzEUai4/20250915/ru-central1/s3/aws4_request, SignedHeaders=host;if-match;range;x-amz-checksum-mode;x-amz-content-sha256;x-amz-date, Signature=deea3089ccc532896a5025a80ed48c835e5560d65af2b33a0b21033190404f2a', 'amz-sdk-invocation-id': b'f59e03d4-4ba5-41ba-a908-ade9051b9f65', 'amz-sdk-request': b'attempt=1'}>
[2025-09-15T10:20:21.455+0000] {process_utils.py:194} INFO - 2025-09-15 10:20:21,346 botocore.httpsession [DEBUG] Certificate path: /tmp/venvar3r5flu/lib/python3.10/site-packages/botocore/cacert.pem
[2025-09-15T10:20:21.459+0000] {process_utils.py:194} INFO - 2025-09-15 10:20:21,458 botocore.httpchecksum [DEBUG] Skipping checksum validation. Response did not contain one of the following algorithms: ['crc32', 'sha1', 'sha256'].
[2025-09-15T10:20:21.459+0000] {process_utils.py:194} INFO - 2025-09-15 10:20:21,459 botocore.hooks [DEBUG] Event before-parse.s3.GetObject: calling handler <function _handle_200_error at 0x7f08d672dea0>
[2025-09-15T10:20:21.460+0000] {process_utils.py:194} INFO - 2025-09-15 10:20:21,459 botocore.hooks [DEBUG] Event before-parse.s3.GetObject: calling handler <function handle_expires_header at 0x7f08d672dcf0>
[2025-09-15T10:20:21.461+0000] {process_utils.py:194} INFO - 2025-09-15 10:20:21,459 botocore.parsers [DEBUG] Response headers: {'Server': 'nginx', 'Date': 'Mon, 15 Sep 2025 10:20:21 GMT', 'Content-Type': 'application/x-gzip', 'Content-Length': '8388608', 'Connection': 'keep-alive', 'Keep-Alive': 'timeout=60', 'Accept-Ranges': 'bytes', 'Content-Range': 'bytes 8388608-16777215/68102592', 'Etag': '"4b89aa9305fe90128e553ba26e82f152"', 'Last-Modified': 'Mon, 15 Jul 2024 10:01:46 GMT', 'X-Amz-Request-Id': '797fad8f30f475ca', 'X-Amz-Version-Id': 'null'}
[2025-09-15T10:20:21.461+0000] {process_utils.py:194} INFO - 2025-09-15 10:20:21,459 botocore.parsers [DEBUG] Response body:
[2025-09-15T10:20:21.461+0000] {process_utils.py:194} INFO - <botocore.response.StreamingBody object at 0x7f08954573d0>
[2025-09-15T10:20:21.462+0000] {process_utils.py:194} INFO - 2025-09-15 10:20:21,460 botocore.hooks [DEBUG] Event needs-retry.s3.GetObject: calling handler <function _update_status_code at 0x7f08d672dfc0>
[2025-09-15T10:20:21.462+0000] {process_utils.py:194} INFO - 2025-09-15 10:20:21,460 botocore.hooks [DEBUG] Event needs-retry.s3.GetObject: calling handler <botocore.retryhandler.RetryHandler object at 0x7f08953a00d0>
[2025-09-15T10:20:21.462+0000] {process_utils.py:194} INFO - 2025-09-15 10:20:21,460 botocore.retryhandler [DEBUG] No retry needed.
[2025-09-15T10:20:21.463+0000] {process_utils.py:194} INFO - 2025-09-15 10:20:21,460 botocore.hooks [DEBUG] Event needs-retry.s3.GetObject: calling handler <bound method S3RegionRedirectorv2.redirect_from_error of <botocore.utils.S3RegionRedirectorv2 object at 0x7f08953a0190>>
[2025-09-15T10:20:21.609+0000] {process_utils.py:194} INFO - 2025-09-15 10:20:21,608 botocore.httpchecksum [DEBUG] Skipping checksum validation. Response did not contain one of the following algorithms: ['crc32', 'sha1', 'sha256'].
[2025-09-15T10:20:21.609+0000] {process_utils.py:194} INFO - 2025-09-15 10:20:21,609 botocore.hooks [DEBUG] Event before-parse.s3.GetObject: calling handler <function _handle_200_error at 0x7f08d672dea0>
[2025-09-15T10:20:21.610+0000] {process_utils.py:194} INFO - 2025-09-15 10:20:21,609 botocore.hooks [DEBUG] Event before-parse.s3.GetObject: calling handler <function handle_expires_header at 0x7f08d672dcf0>
[2025-09-15T10:20:21.611+0000] {process_utils.py:194} INFO - 2025-09-15 10:20:21,609 botocore.parsers [DEBUG] Response headers: {'Server': 'nginx', 'Date': 'Mon, 15 Sep 2025 10:20:21 GMT', 'Content-Type': 'application/x-gzip', 'Content-Length': '8388608', 'Connection': 'keep-alive', 'Keep-Alive': 'timeout=60', 'Accept-Ranges': 'bytes', 'Content-Range': 'bytes 0-8388607/68102592', 'Etag': '"4b89aa9305fe90128e553ba26e82f152"', 'Last-Modified': 'Mon, 15 Jul 2024 10:01:46 GMT', 'X-Amz-Request-Id': '11edc73762beb986', 'X-Amz-Version-Id': 'null'}
[2025-09-15T10:20:21.611+0000] {process_utils.py:194} INFO - 2025-09-15 10:20:21,609 botocore.parsers [DEBUG] Response body:
[2025-09-15T10:20:21.611+0000] {process_utils.py:194} INFO - <botocore.response.StreamingBody object at 0x7f0895454190>
[2025-09-15T10:20:21.611+0000] {process_utils.py:194} INFO - 2025-09-15 10:20:21,610 botocore.hooks [DEBUG] Event needs-retry.s3.GetObject: calling handler <function _update_status_code at 0x7f08d672dfc0>
[2025-09-15T10:20:21.611+0000] {process_utils.py:194} INFO - 2025-09-15 10:20:21,610 botocore.hooks [DEBUG] Event needs-retry.s3.GetObject: calling handler <botocore.retryhandler.RetryHandler object at 0x7f08953a00d0>
[2025-09-15T10:20:21.611+0000] {process_utils.py:194} INFO - 2025-09-15 10:20:21,610 botocore.retryhandler [DEBUG] No retry needed.
[2025-09-15T10:20:21.612+0000] {process_utils.py:194} INFO - 2025-09-15 10:20:21,610 botocore.hooks [DEBUG] Event needs-retry.s3.GetObject: calling handler <bound method S3RegionRedirectorv2.redirect_from_error of <botocore.utils.S3RegionRedirectorv2 object at 0x7f08953a0190>>
[2025-09-15T10:20:21.639+0000] {process_utils.py:194} INFO - 2025-09-15 10:20:21,639 botocore.httpchecksum [DEBUG] Skipping checksum validation. Response did not contain one of the following algorithms: ['crc32', 'sha1', 'sha256'].
[2025-09-15T10:20:21.640+0000] {process_utils.py:194} INFO - 2025-09-15 10:20:21,639 botocore.hooks [DEBUG] Event before-parse.s3.GetObject: calling handler <function _handle_200_error at 0x7f08d672dea0>
[2025-09-15T10:20:21.640+0000] {process_utils.py:194} INFO - 2025-09-15 10:20:21,639 botocore.hooks [DEBUG] Event before-parse.s3.GetObject: calling handler <function handle_expires_header at 0x7f08d672dcf0>
[2025-09-15T10:20:21.641+0000] {process_utils.py:194} INFO - 2025-09-15 10:20:21,639 botocore.parsers [DEBUG] Response headers: {'Server': 'nginx', 'Date': 'Mon, 15 Sep 2025 10:20:21 GMT', 'Content-Type': 'application/x-gzip', 'Content-Length': '993728', 'Connection': 'keep-alive', 'Keep-Alive': 'timeout=60', 'Accept-Ranges': 'bytes', 'Content-Range': 'bytes 67108864-68102591/68102592', 'Etag': '"4b89aa9305fe90128e553ba26e82f152"', 'Last-Modified': 'Mon, 15 Jul 2024 10:01:46 GMT', 'X-Amz-Request-Id': '1932a1fe61717f4b', 'X-Amz-Version-Id': 'null'}
[2025-09-15T10:20:21.641+0000] {process_utils.py:194} INFO - 2025-09-15 10:20:21,639 botocore.parsers [DEBUG] Response body:
[2025-09-15T10:20:21.642+0000] {process_utils.py:194} INFO - <botocore.response.StreamingBody object at 0x7f08951eab90>
[2025-09-15T10:20:21.642+0000] {process_utils.py:194} INFO - 2025-09-15 10:20:21,640 botocore.hooks [DEBUG] Event needs-retry.s3.GetObject: calling handler <function _update_status_code at 0x7f08d672dfc0>
[2025-09-15T10:20:21.642+0000] {process_utils.py:194} INFO - 2025-09-15 10:20:21,640 botocore.hooks [DEBUG] Event needs-retry.s3.GetObject: calling handler <botocore.retryhandler.RetryHandler object at 0x7f08953a00d0>
[2025-09-15T10:20:21.643+0000] {process_utils.py:194} INFO - 2025-09-15 10:20:21,640 botocore.retryhandler [DEBUG] No retry needed.
[2025-09-15T10:20:21.643+0000] {process_utils.py:194} INFO - 2025-09-15 10:20:21,640 botocore.hooks [DEBUG] Event needs-retry.s3.GetObject: calling handler <bound method S3RegionRedirectorv2.redirect_from_error of <botocore.utils.S3RegionRedirectorv2 object at 0x7f08953a0190>>
[2025-09-15T10:20:21.671+0000] {process_utils.py:194} INFO - 2025-09-15 10:20:21,670 botocore.httpchecksum [DEBUG] Skipping checksum validation. Response did not contain one of the following algorithms: ['crc32', 'sha1', 'sha256'].
[2025-09-15T10:20:21.671+0000] {process_utils.py:194} INFO - 2025-09-15 10:20:21,670 botocore.hooks [DEBUG] Event before-parse.s3.GetObject: calling handler <function _handle_200_error at 0x7f08d672dea0>
[2025-09-15T10:20:21.672+0000] {process_utils.py:194} INFO - 2025-09-15 10:20:21,670 botocore.hooks [DEBUG] Event before-parse.s3.GetObject: calling handler <function handle_expires_header at 0x7f08d672dcf0>
[2025-09-15T10:20:21.673+0000] {process_utils.py:194} INFO - 2025-09-15 10:20:21,670 botocore.parsers [DEBUG] Response headers: {'Server': 'nginx', 'Date': 'Mon, 15 Sep 2025 10:20:21 GMT', 'Content-Type': 'application/x-gzip', 'Content-Length': '8388608', 'Connection': 'keep-alive', 'Keep-Alive': 'timeout=60', 'Accept-Ranges': 'bytes', 'Content-Range': 'bytes 16777216-25165823/68102592', 'Etag': '"4b89aa9305fe90128e553ba26e82f152"', 'Last-Modified': 'Mon, 15 Jul 2024 10:01:46 GMT', 'X-Amz-Request-Id': '347f7ab10d5a0efa', 'X-Amz-Version-Id': 'null'}
[2025-09-15T10:20:21.673+0000] {process_utils.py:194} INFO - 2025-09-15 10:20:21,671 botocore.parsers [DEBUG] Response body:
[2025-09-15T10:20:21.673+0000] {process_utils.py:194} INFO - <botocore.response.StreamingBody object at 0x7f0895454580>
[2025-09-15T10:20:21.673+0000] {process_utils.py:194} INFO - 2025-09-15 10:20:21,671 botocore.hooks [DEBUG] Event needs-retry.s3.GetObject: calling handler <function _update_status_code at 0x7f08d672dfc0>
[2025-09-15T10:20:21.674+0000] {process_utils.py:194} INFO - 2025-09-15 10:20:21,671 botocore.hooks [DEBUG] Event needs-retry.s3.GetObject: calling handler <botocore.retryhandler.RetryHandler object at 0x7f08953a00d0>
[2025-09-15T10:20:21.674+0000] {process_utils.py:194} INFO - 2025-09-15 10:20:21,671 botocore.retryhandler [DEBUG] No retry needed.
[2025-09-15T10:20:21.675+0000] {process_utils.py:194} INFO - 2025-09-15 10:20:21,671 botocore.hooks [DEBUG] Event needs-retry.s3.GetObject: calling handler <bound method S3RegionRedirectorv2.redirect_from_error of <botocore.utils.S3RegionRedirectorv2 object at 0x7f08953a0190>>
[2025-09-15T10:20:21.682+0000] {process_utils.py:194} INFO - 2025-09-15 10:20:21,682 botocore.httpchecksum [DEBUG] Skipping checksum validation. Response did not contain one of the following algorithms: ['crc32', 'sha1', 'sha256'].
[2025-09-15T10:20:21.683+0000] {process_utils.py:194} INFO - 2025-09-15 10:20:21,682 botocore.hooks [DEBUG] Event before-parse.s3.GetObject: calling handler <function _handle_200_error at 0x7f08d672dea0>
[2025-09-15T10:20:21.683+0000] {process_utils.py:194} INFO - 2025-09-15 10:20:21,682 botocore.hooks [DEBUG] Event before-parse.s3.GetObject: calling handler <function handle_expires_header at 0x7f08d672dcf0>
[2025-09-15T10:20:21.684+0000] {process_utils.py:194} INFO - 2025-09-15 10:20:21,682 botocore.parsers [DEBUG] Response headers: {'Server': 'nginx', 'Date': 'Mon, 15 Sep 2025 10:20:21 GMT', 'Content-Type': 'application/x-gzip', 'Content-Length': '8388608', 'Connection': 'keep-alive', 'Keep-Alive': 'timeout=60', 'Accept-Ranges': 'bytes', 'Content-Range': 'bytes 58720256-67108863/68102592', 'Etag': '"4b89aa9305fe90128e553ba26e82f152"', 'Last-Modified': 'Mon, 15 Jul 2024 10:01:46 GMT', 'X-Amz-Request-Id': '2afdbefd7589d215', 'X-Amz-Version-Id': 'null'}
[2025-09-15T10:20:21.684+0000] {process_utils.py:194} INFO - 2025-09-15 10:20:21,682 botocore.parsers [DEBUG] Response body:
[2025-09-15T10:20:21.684+0000] {process_utils.py:194} INFO - <botocore.response.StreamingBody object at 0x7f08951e9ae0>
[2025-09-15T10:20:21.685+0000] {process_utils.py:194} INFO - 2025-09-15 10:20:21,682 botocore.hooks [DEBUG] Event needs-retry.s3.GetObject: calling handler <function _update_status_code at 0x7f08d672dfc0>
[2025-09-15T10:20:21.686+0000] {process_utils.py:194} INFO - 2025-09-15 10:20:21,683 botocore.hooks [DEBUG] Event needs-retry.s3.GetObject: calling handler <botocore.retryhandler.RetryHandler object at 0x7f08953a00d0>
[2025-09-15T10:20:21.686+0000] {process_utils.py:194} INFO - 2025-09-15 10:20:21,683 botocore.retryhandler [DEBUG] No retry needed.
[2025-09-15T10:20:21.687+0000] {process_utils.py:194} INFO - 2025-09-15 10:20:21,683 botocore.hooks [DEBUG] Event needs-retry.s3.GetObject: calling handler <bound method S3RegionRedirectorv2.redirect_from_error of <botocore.utils.S3RegionRedirectorv2 object at 0x7f08953a0190>>
[2025-09-15T10:20:21.708+0000] {process_utils.py:194} INFO - 2025-09-15 10:20:21,708 botocore.httpchecksum [DEBUG] Skipping checksum validation. Response did not contain one of the following algorithms: ['crc32', 'sha1', 'sha256'].
[2025-09-15T10:20:21.708+0000] {process_utils.py:194} INFO - 2025-09-15 10:20:21,708 botocore.hooks [DEBUG] Event before-parse.s3.GetObject: calling handler <function _handle_200_error at 0x7f08d672dea0>
[2025-09-15T10:20:21.709+0000] {process_utils.py:194} INFO - 2025-09-15 10:20:21,708 botocore.hooks [DEBUG] Event before-parse.s3.GetObject: calling handler <function handle_expires_header at 0x7f08d672dcf0>
[2025-09-15T10:20:21.709+0000] {process_utils.py:194} INFO - 2025-09-15 10:20:21,708 botocore.parsers [DEBUG] Response headers: {'Server': 'nginx', 'Date': 'Mon, 15 Sep 2025 10:20:21 GMT', 'Content-Type': 'application/x-gzip', 'Content-Length': '8388608', 'Connection': 'keep-alive', 'Keep-Alive': 'timeout=60', 'Accept-Ranges': 'bytes', 'Content-Range': 'bytes 50331648-58720255/68102592', 'Etag': '"4b89aa9305fe90128e553ba26e82f152"', 'Last-Modified': 'Mon, 15 Jul 2024 10:01:46 GMT', 'X-Amz-Request-Id': 'cb945754ebeae5ca', 'X-Amz-Version-Id': 'null'}
[2025-09-15T10:20:21.709+0000] {process_utils.py:194} INFO - 2025-09-15 10:20:21,708 botocore.parsers [DEBUG] Response body:
[2025-09-15T10:20:21.710+0000] {process_utils.py:194} INFO - <botocore.response.StreamingBody object at 0x7f0895457970>
[2025-09-15T10:20:21.710+0000] {process_utils.py:194} INFO - 2025-09-15 10:20:21,709 botocore.hooks [DEBUG] Event needs-retry.s3.GetObject: calling handler <function _update_status_code at 0x7f08d672dfc0>
[2025-09-15T10:20:21.710+0000] {process_utils.py:194} INFO - 2025-09-15 10:20:21,709 botocore.hooks [DEBUG] Event needs-retry.s3.GetObject: calling handler <botocore.retryhandler.RetryHandler object at 0x7f08953a00d0>
[2025-09-15T10:20:21.711+0000] {process_utils.py:194} INFO - 2025-09-15 10:20:21,709 botocore.retryhandler [DEBUG] No retry needed.
[2025-09-15T10:20:21.711+0000] {process_utils.py:194} INFO - 2025-09-15 10:20:21,709 botocore.hooks [DEBUG] Event needs-retry.s3.GetObject: calling handler <bound method S3RegionRedirectorv2.redirect_from_error of <botocore.utils.S3RegionRedirectorv2 object at 0x7f08953a0190>>
[2025-09-15T10:20:21.839+0000] {process_utils.py:194} INFO - 2025-09-15 10:20:21,838 botocore.httpchecksum [DEBUG] Skipping checksum validation. Response did not contain one of the following algorithms: ['crc32', 'sha1', 'sha256'].
[2025-09-15T10:20:21.839+0000] {process_utils.py:194} INFO - 2025-09-15 10:20:21,839 botocore.hooks [DEBUG] Event before-parse.s3.GetObject: calling handler <function _handle_200_error at 0x7f08d672dea0>
[2025-09-15T10:20:21.840+0000] {process_utils.py:194} INFO - 2025-09-15 10:20:21,839 botocore.hooks [DEBUG] Event before-parse.s3.GetObject: calling handler <function handle_expires_header at 0x7f08d672dcf0>
[2025-09-15T10:20:21.840+0000] {process_utils.py:194} INFO - 2025-09-15 10:20:21,839 botocore.parsers [DEBUG] Response headers: {'Server': 'nginx', 'Date': 'Mon, 15 Sep 2025 10:20:21 GMT', 'Content-Type': 'application/x-gzip', 'Content-Length': '8388608', 'Connection': 'keep-alive', 'Keep-Alive': 'timeout=60', 'Accept-Ranges': 'bytes', 'Content-Range': 'bytes 41943040-50331647/68102592', 'Etag': '"4b89aa9305fe90128e553ba26e82f152"', 'Last-Modified': 'Mon, 15 Jul 2024 10:01:46 GMT', 'X-Amz-Request-Id': 'a657b93602403b0d', 'X-Amz-Version-Id': 'null'}
[2025-09-15T10:20:21.840+0000] {process_utils.py:194} INFO - 2025-09-15 10:20:21,839 botocore.parsers [DEBUG] Response body:
[2025-09-15T10:20:21.840+0000] {process_utils.py:194} INFO - <botocore.response.StreamingBody object at 0x7f0895396ad0>
[2025-09-15T10:20:21.841+0000] {process_utils.py:194} INFO - 2025-09-15 10:20:21,840 botocore.hooks [DEBUG] Event needs-retry.s3.GetObject: calling handler <function _update_status_code at 0x7f08d672dfc0>
[2025-09-15T10:20:21.841+0000] {process_utils.py:194} INFO - 2025-09-15 10:20:21,840 botocore.hooks [DEBUG] Event needs-retry.s3.GetObject: calling handler <botocore.retryhandler.RetryHandler object at 0x7f08953a00d0>
[2025-09-15T10:20:21.841+0000] {process_utils.py:194} INFO - 2025-09-15 10:20:21,840 botocore.retryhandler [DEBUG] No retry needed.
[2025-09-15T10:20:21.841+0000] {process_utils.py:194} INFO - 2025-09-15 10:20:21,840 botocore.hooks [DEBUG] Event needs-retry.s3.GetObject: calling handler <bound method S3RegionRedirectorv2.redirect_from_error of <botocore.utils.S3RegionRedirectorv2 object at 0x7f08953a0190>>
[2025-09-15T10:20:21.897+0000] {process_utils.py:194} INFO - 2025-09-15 10:20:21,897 botocore.httpchecksum [DEBUG] Skipping checksum validation. Response did not contain one of the following algorithms: ['crc32', 'sha1', 'sha256'].
[2025-09-15T10:20:21.898+0000] {process_utils.py:194} INFO - 2025-09-15 10:20:21,897 botocore.hooks [DEBUG] Event before-parse.s3.GetObject: calling handler <function _handle_200_error at 0x7f08d672dea0>
[2025-09-15T10:20:21.898+0000] {process_utils.py:194} INFO - 2025-09-15 10:20:21,897 botocore.hooks [DEBUG] Event before-parse.s3.GetObject: calling handler <function handle_expires_header at 0x7f08d672dcf0>
[2025-09-15T10:20:21.899+0000] {process_utils.py:194} INFO - 2025-09-15 10:20:21,897 botocore.parsers [DEBUG] Response headers: {'Server': 'nginx', 'Date': 'Mon, 15 Sep 2025 10:20:21 GMT', 'Content-Type': 'application/x-gzip', 'Content-Length': '8388608', 'Connection': 'keep-alive', 'Keep-Alive': 'timeout=60', 'Accept-Ranges': 'bytes', 'Content-Range': 'bytes 25165824-33554431/68102592', 'Etag': '"4b89aa9305fe90128e553ba26e82f152"', 'Last-Modified': 'Mon, 15 Jul 2024 10:01:46 GMT', 'X-Amz-Request-Id': 'ed6314a6375c80cb', 'X-Amz-Version-Id': 'null'}
[2025-09-15T10:20:21.899+0000] {process_utils.py:194} INFO - 2025-09-15 10:20:21,897 botocore.parsers [DEBUG] Response body:
[2025-09-15T10:20:21.899+0000] {process_utils.py:194} INFO - <botocore.response.StreamingBody object at 0x7f08951e91e0>
[2025-09-15T10:20:21.899+0000] {process_utils.py:194} INFO - 2025-09-15 10:20:21,898 botocore.hooks [DEBUG] Event needs-retry.s3.GetObject: calling handler <function _update_status_code at 0x7f08d672dfc0>
[2025-09-15T10:20:21.899+0000] {process_utils.py:194} INFO - 2025-09-15 10:20:21,898 botocore.hooks [DEBUG] Event needs-retry.s3.GetObject: calling handler <botocore.retryhandler.RetryHandler object at 0x7f08953a00d0>
[2025-09-15T10:20:21.899+0000] {process_utils.py:194} INFO - 2025-09-15 10:20:21,898 botocore.retryhandler [DEBUG] No retry needed.
[2025-09-15T10:20:21.900+0000] {process_utils.py:194} INFO - 2025-09-15 10:20:21,898 botocore.hooks [DEBUG] Event needs-retry.s3.GetObject: calling handler <bound method S3RegionRedirectorv2.redirect_from_error of <botocore.utils.S3RegionRedirectorv2 object at 0x7f08953a0190>>
[2025-09-15T10:20:21.911+0000] {process_utils.py:194} INFO - 2025-09-15 10:20:21,911 botocore.httpchecksum [DEBUG] Skipping checksum validation. Response did not contain one of the following algorithms: ['crc32', 'sha1', 'sha256'].
[2025-09-15T10:20:21.912+0000] {process_utils.py:194} INFO - 2025-09-15 10:20:21,911 botocore.hooks [DEBUG] Event before-parse.s3.GetObject: calling handler <function _handle_200_error at 0x7f08d672dea0>
[2025-09-15T10:20:21.913+0000] {process_utils.py:194} INFO - 2025-09-15 10:20:21,911 botocore.hooks [DEBUG] Event before-parse.s3.GetObject: calling handler <function handle_expires_header at 0x7f08d672dcf0>
[2025-09-15T10:20:21.913+0000] {process_utils.py:194} INFO - 2025-09-15 10:20:21,911 botocore.parsers [DEBUG] Response headers: {'Server': 'nginx', 'Date': 'Mon, 15 Sep 2025 10:20:21 GMT', 'Content-Type': 'application/x-gzip', 'Content-Length': '8388608', 'Connection': 'keep-alive', 'Keep-Alive': 'timeout=60', 'Accept-Ranges': 'bytes', 'Content-Range': 'bytes 33554432-41943039/68102592', 'Etag': '"4b89aa9305fe90128e553ba26e82f152"', 'Last-Modified': 'Mon, 15 Jul 2024 10:01:46 GMT', 'X-Amz-Request-Id': '24915b9af638d72b', 'X-Amz-Version-Id': 'null'}
[2025-09-15T10:20:21.914+0000] {process_utils.py:194} INFO - 2025-09-15 10:20:21,911 botocore.parsers [DEBUG] Response body:
[2025-09-15T10:20:21.914+0000] {process_utils.py:194} INFO - <botocore.response.StreamingBody object at 0x7f08953e8970>
[2025-09-15T10:20:21.914+0000] {process_utils.py:194} INFO - 2025-09-15 10:20:21,912 botocore.hooks [DEBUG] Event needs-retry.s3.GetObject: calling handler <function _update_status_code at 0x7f08d672dfc0>
[2025-09-15T10:20:21.915+0000] {process_utils.py:194} INFO - 2025-09-15 10:20:21,912 botocore.hooks [DEBUG] Event needs-retry.s3.GetObject: calling handler <botocore.retryhandler.RetryHandler object at 0x7f08953a00d0>
[2025-09-15T10:20:21.915+0000] {process_utils.py:194} INFO - 2025-09-15 10:20:21,912 botocore.retryhandler [DEBUG] No retry needed.
[2025-09-15T10:20:21.916+0000] {process_utils.py:194} INFO - 2025-09-15 10:20:21,912 botocore.hooks [DEBUG] Event needs-retry.s3.GetObject: calling handler <bound method S3RegionRedirectorv2.redirect_from_error of <botocore.utils.S3RegionRedirectorv2 object at 0x7f08953a0190>>
[2025-09-15T10:20:25.143+0000] {process_utils.py:194} INFO - Install 'kontpy' for Python 3.10
[2025-09-15T10:20:25.144+0000] {process_utils.py:194} INFO - Remove build directory '/opt/airflow/kont71/lib/python/build'
[2025-09-15T10:20:25.627+0000] {process_utils.py:194} INFO - Unknown param <receipt_penalty> in config
[2025-09-15T10:20:25.627+0000] {process_utils.py:194} INFO - Unknown param <fair_share_base_variable> in config
[2025-09-15T10:20:25.628+0000] {process_utils.py:194} INFO - Unknown param <fair_share_columns> in config
[2025-09-15T10:20:25.628+0000] {process_utils.py:194} INFO - Unknown param <fair_share_keys> in config
[2025-09-15T10:20:25.628+0000] {process_utils.py:194} INFO - Unknown param <fair_share_name> in config
[2025-09-15T10:20:25.628+0000] {process_utils.py:194} INFO - Unknown param <fair_share_penalty> in config
[2025-09-15T10:20:25.628+0000] {process_utils.py:194} INFO - Unknown param <fair_share_status> in config
[2025-09-15T10:20:25.628+0000] {process_utils.py:194} INFO - Unknown param <fair_share_base_variable> in config
[2025-09-15T10:20:25.628+0000] {process_utils.py:194} INFO - Unknown param <fair_share_columns> in config
[2025-09-15T10:20:25.629+0000] {process_utils.py:194} INFO - Unknown param <fair_share_keys> in config
[2025-09-15T10:20:25.629+0000] {process_utils.py:194} INFO - Unknown param <fair_share_name> in config
[2025-09-15T10:20:25.629+0000] {process_utils.py:194} INFO - Unknown param <fair_share_penalty> in config
[2025-09-15T10:20:25.629+0000] {process_utils.py:194} INFO - Unknown param <fair_share_status> in config
[2025-09-15T10:20:25.629+0000] {process_utils.py:194} INFO - Unknown param <fair_share_base_variable> in config
[2025-09-15T10:20:25.630+0000] {process_utils.py:194} INFO - Unknown param <fair_share_columns> in config
[2025-09-15T10:20:25.630+0000] {process_utils.py:194} INFO - Unknown param <fair_share_keys> in config
[2025-09-15T10:20:25.630+0000] {process_utils.py:194} INFO - Unknown param <fair_share_name> in config
[2025-09-15T10:20:25.630+0000] {process_utils.py:194} INFO - Unknown param <fair_share_penalty> in config
[2025-09-15T10:20:25.631+0000] {process_utils.py:194} INFO - Unknown param <fair_share_status> in config
[2025-09-15T10:20:25.631+0000] {process_utils.py:194} INFO - Unknown param <receipt_soft_mode> in config
[2025-09-15T10:20:25.631+0000] {process_utils.py:194} INFO - Unknown param <exclude_fs_value> in config
[2025-09-15T10:20:25.631+0000] {process_utils.py:194} INFO - Unknown param <selection_type> in config
[2025-09-15T10:20:25.632+0000] {process_utils.py:194} INFO - Parsing error of <global>:<map_sale_sort>: 'period;revenue;solutionvalue;' (constraint: <mapper>)
[2025-09-15T10:20:25.632+0000] {process_utils.py:194} INFO - Unknown param <mapper_status> in config
[2025-09-15T10:20:25.632+0000] {process_utils.py:194} INFO - Unknown param <cost_discount> in config
[2025-09-15T10:20:25.632+0000] {process_utils.py:194} INFO - Unknown param <distr_matrix> in config
[2025-09-15T10:20:25.632+0000] {process_utils.py:194} INFO - Unknown param <distr_matrix_penalty> in config
[2025-09-15T10:20:25.632+0000] {process_utils.py:194} INFO - Unknown param <decompostion_status> in config
[2025-09-15T10:20:25.633+0000] {process_utils.py:194} INFO - Unknown param <decom_id> in config
[2025-09-15T10:20:25.633+0000] {process_utils.py:194} INFO - Unknown param <data_checker_capacity_names> in config
[2025-09-15T10:20:33.228+0000] {process_utils.py:194} INFO - <mincapacity> not set for <aggregated_transportation>. Using default value 0
[2025-09-15T10:20:33.229+0000] {process_utils.py:194} INFO - <coefficient> not set for <aggregated_transportation>. Using default value 1
[2025-09-15T10:20:34.145+0000] {process_utils.py:194} INFO - <mincapacity> not set for <production_capacity>. Using default value 0
[2025-09-15T10:20:34.190+0000] {process_utils.py:194} INFO - <mincapacity> not set for <demand_cons>. Using default value 0
[2025-09-15T10:20:37.029+0000] {process_utils.py:194} INFO - Receipt penalty (<receipt_penalty>) is not set config, using maximum of all costs in dataset = -9999999.0
[2025-09-15T10:20:37.030+0000] {process_utils.py:194} INFO - No lot mult constraints to scale lot mult coefficients in other constraints
[2025-09-15T10:20:38.614+0000] {process_utils.py:194} INFO - Emphasis can not be set in multi-thread mode.
[2025-09-15T10:20:38.616+0000] {process_utils.py:194} INFO - params = {'configid': '300', 'periodtype': '4', 'startnewdataset': 'True', 'horizon': '24', 'start_period': '-8', 'startnewsession': 'True'}
[2025-09-15T10:20:38.617+0000] {process_utils.py:194} INFO - 	sessionid = 225
[2025-09-15T10:20:38.617+0000] {process_utils.py:194} INFO - Downloaded KONT.tar.gz from S3 successfully.
[2025-09-15T10:20:38.617+0000] {process_utils.py:194} INFO - KONT installed successfully
[2025-09-15T10:20:38.617+0000] {process_utils.py:194} INFO - Created client.ini
[2025-09-15T10:20:38.618+0000] {process_utils.py:194} INFO - DB_NAME: pgs_app_data_db
[2025-09-15T10:20:38.618+0000] {process_utils.py:194} INFO - DB_HOST: db-postgresql-app.b1gahmn2gdjf3lsm4jeh.in-plan.ru
[2025-09-15T10:20:38.618+0000] {process_utils.py:194} INFO - TRACE already defined in logging module
[2025-09-15T10:20:38.618+0000] {process_utils.py:194} INFO - {'configid': 300, 'datasetid': 58, 'logpath': '/opt/airflow/logs', 'loglevel': 'DEBUG'}
[2025-09-15T10:20:38.618+0000] {process_utils.py:194} INFO - TRACE already defined in logging module
[2025-09-15T10:20:54.692+0000] {process_utils.py:194} INFO - <movement>:<adjusted_distribution_receipt> is OFF. Constraint will not be configured.
[2025-09-15T10:20:54.694+0000] {process_utils.py:194} INFO - <movement>:<firmed_distribution_receipt> is OFF. Constraint will not be configured.
[2025-09-15T10:20:54.694+0000] {process_utils.py:194} INFO - <movement>:<movement_capacity> is OFF. Constraint will not be configured.
[2025-09-15T10:20:54.694+0000] {process_utils.py:194} INFO - <movement>:<movement_multiplier> is OFF. Constraint will not be configured.
[2025-09-15T10:20:54.694+0000] {process_utils.py:194} INFO - <movement>:<movement_lotsize> is OFF. Constraint will not be configured.
[2025-09-15T10:20:54.694+0000] {process_utils.py:194} INFO - <production>:<adjusted_production_receipt> is OFF. Constraint will not be configured.
[2025-09-15T10:20:54.695+0000] {process_utils.py:194} INFO - <production>:<aggregated_production> is OFF. Constraint will not be configured.
[2025-09-15T10:20:54.695+0000] {process_utils.py:194} INFO - <production>:<firmed_production_receipt> is OFF. Constraint will not be configured.
[2025-09-15T10:20:54.695+0000] {process_utils.py:194} INFO - <production>:<frozen_horizon> is OFF. Constraint will not be configured.
[2025-09-15T10:20:54.695+0000] {process_utils.py:194} INFO - <production>:<production_lotsize> is OFF. Constraint will not be configured.
[2025-09-15T10:20:54.695+0000] {process_utils.py:194} INFO - <production>:<production_multiplier> is OFF. Constraint will not be configured.
[2025-09-15T10:20:54.695+0000] {process_utils.py:194} INFO - <sale>:<late_delivery> is OFF. Constraint will not be configured.
[2025-09-15T10:20:54.696+0000] {process_utils.py:194} INFO - <sale>:<aggregated_demand> is OFF. Constraint will not be configured.
[2025-09-15T10:20:54.696+0000] {process_utils.py:194} INFO - <sale>:<aggregated_procurement> is OFF. Constraint will not be configured.
[2025-09-15T10:20:54.696+0000] {process_utils.py:194} INFO - <stock>:<wh_capacity> is OFF. Constraint will not be configured.
[2025-09-15T10:20:54.696+0000] {process_utils.py:194} INFO - <stock>:<aggregated_storage> is OFF. Constraint will not be configured.
[2025-09-15T10:20:54.910+0000] {process_utils.py:194} INFO - <mincapacity> not set for <aggregated_transportation>. Using default value 0
[2025-09-15T10:20:54.910+0000] {process_utils.py:194} INFO - <coefficient> not set for <aggregated_transportation>. Using default value 1
[2025-09-15T10:20:55.975+0000] {process_utils.py:194} INFO - <mincapacity> not set for <production_capacity>. Using default value 0
[2025-09-15T10:20:56.034+0000] {process_utils.py:194} INFO - <mincapacity> not set for <demand_cons>. Using default value 0
[2025-09-15T10:20:58.796+0000] {process_utils.py:194} INFO - Receipt penalty (<receipt_penalty>) is not set config, using maximum of all costs in dataset = -9999999.0
[2025-09-15T10:20:58.796+0000] {process_utils.py:194} INFO - No lot mult constraints to scale lot mult coefficients in other constraints
[2025-09-15T10:21:01.016+0000] {process_utils.py:194} INFO - Emphasis can not be set in multi-thread mode.
[2025-09-15T10:21:22.105+0000] {python.py:240} INFO - Done. Returned value was: 767
[2025-09-15T10:21:22.175+0000] {taskinstance.py:341} INFO - ::group::Post task execution logs
[2025-09-15T10:21:22.176+0000] {taskinstance.py:353} INFO - Marking task as SUCCESS. dag_id=optimizer-with-filter, task_id=optimizer, run_id=fc28d789-44a4-4d75-b326-3ea7fc0bbeb0, execution_date=20250915T100941, start_date=20250915T101947, end_date=20250915T102122
[2025-09-15T10:21:22.293+0000] {local_task_job_runner.py:266} INFO - Task exited with return code 0
[2025-09-15T10:21:22.368+0000] {taskinstance.py:3901} INFO - 1 downstream tasks scheduled from follow-on schedule check
[2025-09-15T10:21:22.370+0000] {local_task_job_runner.py:245} INFO - ::endgroup::
